srclang,trglang,srcIndex,documentId,segmentId,judgeId,system1Number,system1Id,system2Number,system2Id,system3Number,system3Id,system4Number,system4Id,system5Number,system5Id,system1rank,system2rank,system3rank,system4rank,system5rank
Urdu,English,358,ur-en.test,358,AGA961CZDY79B,1,_ref,9,stanford-dcp,8,sheffield-rose,2,cmu-bleu,7,rwth-cder,1,3,5,2,3
Urdu,English,359,ur-en.test,359,AGA961CZDY79B,7,rwth-cder,3,cmu-bleu-single,5,cu-sempos-bleu,6,nus-tesla-f,1,_ref,4,4,4,4,3
Urdu,English,360,ur-en.test,360,AGA961CZDY79B,8,sheffield-rose,7,rwth-cder,3,cmu-bleu-single,4,cmu-meteor,5,cu-sempos-bleu,5,2,2,2,2
Urdu,English,860,ur-en.test,860,A1V9TOOHDBK2TP,9,stanford-dcp,2,cmu-bleu,5,cu-sempos-bleu,3,cmu-bleu-single,7,rwth-cder,4,4,4,4,4
Urdu,English,861,ur-en.test,861,A1V9TOOHDBK2TP,3,cmu-bleu-single,5,cu-sempos-bleu,4,cmu-meteor,2,cmu-bleu,1,_ref,2,2,2,2,2
Urdu,English,862,ur-en.test,862,A1V9TOOHDBK2TP,3,cmu-bleu-single,2,cmu-bleu,5,cu-sempos-bleu,9,stanford-dcp,1,_ref,3,3,3,3,4
Urdu,English,740,ur-en.test,740,A1V9TOOHDBK2TP,5,cu-sempos-bleu,6,nus-tesla-f,9,stanford-dcp,1,_ref,8,sheffield-rose,4,4,4,1,5
Urdu,English,741,ur-en.test,741,A1V9TOOHDBK2TP,7,rwth-cder,1,_ref,9,stanford-dcp,6,nus-tesla-f,3,cmu-bleu-single,3,3,3,3,3
Urdu,English,742,ur-en.test,742,A1V9TOOHDBK2TP,7,rwth-cder,8,sheffield-rose,1,_ref,2,cmu-bleu,5,cu-sempos-bleu,5,5,1,5,5
Urdu,English,827,ur-en.test,827,A1V9TOOHDBK2TP,2,cmu-bleu,6,nus-tesla-f,9,stanford-dcp,7,rwth-cder,8,sheffield-rose,4,4,4,4,5
Urdu,English,828,ur-en.test,828,A1V9TOOHDBK2TP,5,cu-sempos-bleu,8,sheffield-rose,2,cmu-bleu,9,stanford-dcp,7,rwth-cder,4,5,4,4,4
Urdu,English,829,ur-en.test,829,A1V9TOOHDBK2TP,2,cmu-bleu,5,cu-sempos-bleu,3,cmu-bleu-single,6,nus-tesla-f,1,_ref,4,3,4,4,2
Urdu,English,611,ur-en.test,611,A1V9TOOHDBK2TP,6,nus-tesla-f,2,cmu-bleu,5,cu-sempos-bleu,3,cmu-bleu-single,4,cmu-meteor,5,3,3,3,3
Urdu,English,612,ur-en.test,612,A1V9TOOHDBK2TP,7,rwth-cder,6,nus-tesla-f,1,_ref,9,stanford-dcp,4,cmu-meteor,3,4,2,3,4
Urdu,English,613,ur-en.test,613,A1V9TOOHDBK2TP,5,cu-sempos-bleu,3,cmu-bleu-single,9,stanford-dcp,7,rwth-cder,8,sheffield-rose,5,5,5,5,5
Urdu,English,544,ur-en.test,544,A1V9TOOHDBK2TP,7,rwth-cder,9,stanford-dcp,2,cmu-bleu,3,cmu-bleu-single,5,cu-sempos-bleu,5,5,5,5,5
Urdu,English,545,ur-en.test,545,A1V9TOOHDBK2TP,9,stanford-dcp,1,_ref,2,cmu-bleu,5,cu-sempos-bleu,7,rwth-cder,5,2,5,4,5
Urdu,English,546,ur-en.test,546,A1V9TOOHDBK2TP,4,cmu-meteor,6,nus-tesla-f,8,sheffield-rose,3,cmu-bleu-single,2,cmu-bleu,5,5,5,5,5
Urdu,English,635,ur-en.test,635,A1V9TOOHDBK2TP,2,cmu-bleu,1,_ref,4,cmu-meteor,6,nus-tesla-f,8,sheffield-rose,3,5,3,4,5
Urdu,English,636,ur-en.test,636,A1V9TOOHDBK2TP,6,nus-tesla-f,7,rwth-cder,9,stanford-dcp,5,cu-sempos-bleu,1,_ref,3,5,4,3,3
Urdu,English,637,ur-en.test,637,A1V9TOOHDBK2TP,3,cmu-bleu-single,9,stanford-dcp,1,_ref,8,sheffield-rose,6,nus-tesla-f,3,3,4,5,4
Urdu,English,860,ur-en.test,860,A1V9TOOHDBK2TP,5,cu-sempos-bleu,6,nus-tesla-f,9,stanford-dcp,8,sheffield-rose,7,rwth-cder,4,4,4,-1,4
Urdu,English,861,ur-en.test,861,A1V9TOOHDBK2TP,9,stanford-dcp,6,nus-tesla-f,2,cmu-bleu,8,sheffield-rose,7,rwth-cder,2,2,2,5,2
Urdu,English,862,ur-en.test,862,A1V9TOOHDBK2TP,6,nus-tesla-f,5,cu-sempos-bleu,7,rwth-cder,2,cmu-bleu,9,stanford-dcp,3,3,4,4,4
Urdu,English,740,ur-en.test,740,A1V9TOOHDBK2TP,6,nus-tesla-f,8,sheffield-rose,9,stanford-dcp,3,cmu-bleu-single,2,cmu-bleu,4,5,4,4,4
Urdu,English,741,ur-en.test,741,A1V9TOOHDBK2TP,1,_ref,4,cmu-meteor,2,cmu-bleu,7,rwth-cder,6,nus-tesla-f,2,4,3,4,3
Urdu,English,742,ur-en.test,742,A1V9TOOHDBK2TP,3,cmu-bleu-single,8,sheffield-rose,4,cmu-meteor,9,stanford-dcp,1,_ref,5,5,5,5,1
Urdu,English,635,ur-en.test,635,A9JDSF9W11ULY,7,rwth-cder,3,cmu-bleu-single,5,cu-sempos-bleu,4,cmu-meteor,9,stanford-dcp,2,4,5,3,2
Urdu,English,636,ur-en.test,636,A9JDSF9W11ULY,2,cmu-bleu,3,cmu-bleu-single,8,sheffield-rose,1,_ref,7,rwth-cder,2,3,5,1,4
Urdu,English,637,ur-en.test,637,A9JDSF9W11ULY,5,cu-sempos-bleu,9,stanford-dcp,6,nus-tesla-f,4,cmu-meteor,7,rwth-cder,4,3,5,2,1
Urdu,English,40,ur-en.test,40,A1V9TOOHDBK2TP,4,cmu-meteor,2,cmu-bleu,6,nus-tesla-f,9,stanford-dcp,5,cu-sempos-bleu,3,3,4,3,3
Urdu,English,41,ur-en.test,41,A1V9TOOHDBK2TP,4,cmu-meteor,9,stanford-dcp,5,cu-sempos-bleu,6,nus-tesla-f,3,cmu-bleu-single,2,2,1,3,3
Urdu,English,42,ur-en.test,42,A1V9TOOHDBK2TP,3,cmu-bleu-single,9,stanford-dcp,2,cmu-bleu,5,cu-sempos-bleu,4,cmu-meteor,2,2,2,2,3
Urdu,English,635,ur-en.test,635,A1V9TOOHDBK2TP,7,rwth-cder,4,cmu-meteor,3,cmu-bleu-single,5,cu-sempos-bleu,8,sheffield-rose,3,3,4,3,5
Urdu,English,636,ur-en.test,636,A1V9TOOHDBK2TP,6,nus-tesla-f,5,cu-sempos-bleu,3,cmu-bleu-single,7,rwth-cder,8,sheffield-rose,4,4,4,4,5
Urdu,English,637,ur-en.test,637,A1V9TOOHDBK2TP,8,sheffield-rose,9,stanford-dcp,7,rwth-cder,3,cmu-bleu-single,5,cu-sempos-bleu,5,3,3,3,3
Urdu,English,478,ur-en.test,478,A1V9TOOHDBK2TP,5,cu-sempos-bleu,1,_ref,6,nus-tesla-f,4,cmu-meteor,7,rwth-cder,4,3,4,4,4
Urdu,English,479,ur-en.test,479,A1V9TOOHDBK2TP,2,cmu-bleu,7,rwth-cder,9,stanford-dcp,3,cmu-bleu-single,1,_ref,5,5,5,5,1
Urdu,English,480,ur-en.test,480,A1V9TOOHDBK2TP,1,_ref,9,stanford-dcp,6,nus-tesla-f,5,cu-sempos-bleu,4,cmu-meteor,3,4,4,4,4
Urdu,English,662,ur-en.test,662,A1V9TOOHDBK2TP,5,cu-sempos-bleu,8,sheffield-rose,7,rwth-cder,4,cmu-meteor,6,nus-tesla-f,5,5,5,5,5
Urdu,English,663,ur-en.test,663,A1V9TOOHDBK2TP,4,cmu-meteor,2,cmu-bleu,8,sheffield-rose,3,cmu-bleu-single,7,rwth-cder,4,4,5,4,4
Urdu,English,664,ur-en.test,664,A1V9TOOHDBK2TP,8,sheffield-rose,5,cu-sempos-bleu,2,cmu-bleu,9,stanford-dcp,1,_ref,5,5,5,5,5
Urdu,English,187,ur-en.test,187,A1V9TOOHDBK2TP,3,cmu-bleu-single,9,stanford-dcp,5,cu-sempos-bleu,6,nus-tesla-f,4,cmu-meteor,4,4,4,4,4
Urdu,English,188,ur-en.test,188,A1V9TOOHDBK2TP,1,_ref,4,cmu-meteor,8,sheffield-rose,6,nus-tesla-f,5,cu-sempos-bleu,1,2,5,2,2
Urdu,English,189,ur-en.test,189,A1V9TOOHDBK2TP,5,cu-sempos-bleu,4,cmu-meteor,8,sheffield-rose,3,cmu-bleu-single,1,_ref,3,3,5,3,2
Urdu,English,40,ur-en.test,40,A1V9TOOHDBK2TP,4,cmu-meteor,9,stanford-dcp,2,cmu-bleu,5,cu-sempos-bleu,1,_ref,3,3,3,4,1
Urdu,English,41,ur-en.test,41,A1V9TOOHDBK2TP,4,cmu-meteor,3,cmu-bleu-single,9,stanford-dcp,6,nus-tesla-f,2,cmu-bleu,2,2,3,2,2
Urdu,English,42,ur-en.test,42,A1V9TOOHDBK2TP,4,cmu-meteor,8,sheffield-rose,7,rwth-cder,1,_ref,3,cmu-bleu-single,3,5,1,1,2
Urdu,English,229,ur-en.test,229,A1V9TOOHDBK2TP,4,cmu-meteor,3,cmu-bleu-single,5,cu-sempos-bleu,9,stanford-dcp,6,nus-tesla-f,4,4,4,3,4
Urdu,English,230,ur-en.test,230,A1V9TOOHDBK2TP,2,cmu-bleu,8,sheffield-rose,6,nus-tesla-f,5,cu-sempos-bleu,9,stanford-dcp,3,5,3,2,2
Urdu,English,231,ur-en.test,231,A1V9TOOHDBK2TP,3,cmu-bleu-single,9,stanford-dcp,2,cmu-bleu,7,rwth-cder,4,cmu-meteor,4,4,4,4,4
Urdu,English,139,ur-en.test,139,A1V9TOOHDBK2TP,3,cmu-bleu-single,6,nus-tesla-f,4,cmu-meteor,8,sheffield-rose,1,_ref,3,3,3,5,3
Urdu,English,140,ur-en.test,140,A1V9TOOHDBK2TP,1,_ref,5,cu-sempos-bleu,7,rwth-cder,9,stanford-dcp,3,cmu-bleu-single,2,4,4,4,3
Urdu,English,141,ur-en.test,141,A1V9TOOHDBK2TP,2,cmu-bleu,9,stanford-dcp,6,nus-tesla-f,7,rwth-cder,8,sheffield-rose,3,4,3,3,5
Urdu,English,713,ur-en.test,713,A1V9TOOHDBK2TP,4,cmu-meteor,1,_ref,9,stanford-dcp,5,cu-sempos-bleu,8,sheffield-rose,4,3,4,4,5
Urdu,English,714,ur-en.test,714,A1V9TOOHDBK2TP,2,cmu-bleu,7,rwth-cder,9,stanford-dcp,6,nus-tesla-f,8,sheffield-rose,5,5,5,5,5
Urdu,English,715,ur-en.test,715,A1V9TOOHDBK2TP,6,nus-tesla-f,1,_ref,3,cmu-bleu-single,8,sheffield-rose,7,rwth-cder,4,3,4,5,4
Urdu,English,106,ur-en.test,106,A1V9TOOHDBK2TP,2,cmu-bleu,9,stanford-dcp,6,nus-tesla-f,1,_ref,3,cmu-bleu-single,4,4,4,2,3
Urdu,English,107,ur-en.test,107,A1V9TOOHDBK2TP,3,cmu-bleu-single,6,nus-tesla-f,4,cmu-meteor,1,_ref,5,cu-sempos-bleu,3,4,3,2,4
Urdu,English,108,ur-en.test,108,A1V9TOOHDBK2TP,1,_ref,8,sheffield-rose,7,rwth-cder,3,cmu-bleu-single,9,stanford-dcp,1,5,2,2,2
Urdu,English,19,ur-en.test,19,A1V9TOOHDBK2TP,9,stanford-dcp,6,nus-tesla-f,1,_ref,8,sheffield-rose,7,rwth-cder,3,3,3,5,4
Urdu,English,20,ur-en.test,20,A1V9TOOHDBK2TP,4,cmu-meteor,1,_ref,9,stanford-dcp,6,nus-tesla-f,3,cmu-bleu-single,4,2,4,4,4
Urdu,English,21,ur-en.test,21,A1V9TOOHDBK2TP,8,sheffield-rose,1,_ref,9,stanford-dcp,5,cu-sempos-bleu,3,cmu-bleu-single,5,2,4,4,4
Urdu,English,460,ur-en.test,460,A1V9TOOHDBK2TP,9,stanford-dcp,7,rwth-cder,1,_ref,5,cu-sempos-bleu,4,cmu-meteor,4,4,3,4,4
Urdu,English,461,ur-en.test,461,A1V9TOOHDBK2TP,5,cu-sempos-bleu,8,sheffield-rose,9,stanford-dcp,4,cmu-meteor,1,_ref,4,5,4,4,3
Urdu,English,462,ur-en.test,462,A1V9TOOHDBK2TP,9,stanford-dcp,5,cu-sempos-bleu,1,_ref,2,cmu-bleu,3,cmu-bleu-single,3,3,2,3,3
Urdu,English,181,ur-en.test,181,A1V9TOOHDBK2TP,9,stanford-dcp,8,sheffield-rose,7,rwth-cder,4,cmu-meteor,2,cmu-bleu,2,5,2,2,2
Urdu,English,182,ur-en.test,182,A1V9TOOHDBK2TP,3,cmu-bleu-single,7,rwth-cder,1,_ref,8,sheffield-rose,6,nus-tesla-f,4,-1,2,5,4
Urdu,English,183,ur-en.test,183,A1V9TOOHDBK2TP,2,cmu-bleu,7,rwth-cder,5,cu-sempos-bleu,6,nus-tesla-f,3,cmu-bleu-single,4,4,4,5,4
Urdu,English,662,ur-en.test,662,A1V9TOOHDBK2TP,2,cmu-bleu,8,sheffield-rose,7,rwth-cder,1,_ref,4,cmu-meteor,4,5,4,3,4
Urdu,English,663,ur-en.test,663,A1V9TOOHDBK2TP,8,sheffield-rose,3,cmu-bleu-single,4,cmu-meteor,2,cmu-bleu,6,nus-tesla-f,5,4,4,4,4
Urdu,English,664,ur-en.test,664,A1V9TOOHDBK2TP,6,nus-tesla-f,7,rwth-cder,5,cu-sempos-bleu,3,cmu-bleu-single,9,stanford-dcp,4,4,4,4,4
Urdu,English,34,ur-en.test,34,A1V9TOOHDBK2TP,8,sheffield-rose,3,cmu-bleu-single,6,nus-tesla-f,1,_ref,2,cmu-bleu,5,4,3,3,3
Urdu,English,35,ur-en.test,35,A1V9TOOHDBK2TP,9,stanford-dcp,6,nus-tesla-f,8,sheffield-rose,5,cu-sempos-bleu,3,cmu-bleu-single,3,3,5,3,3
Urdu,English,36,ur-en.test,36,A1V9TOOHDBK2TP,1,_ref,6,nus-tesla-f,4,cmu-meteor,5,cu-sempos-bleu,9,stanford-dcp,1,4,4,4,4
Urdu,English,43,ur-en.test,43,A1V9TOOHDBK2TP,4,cmu-meteor,8,sheffield-rose,3,cmu-bleu-single,1,_ref,5,cu-sempos-bleu,4,5,4,3,4
Urdu,English,44,ur-en.test,44,A1V9TOOHDBK2TP,1,_ref,3,cmu-bleu-single,6,nus-tesla-f,2,cmu-bleu,9,stanford-dcp,2,3,4,3,3
Urdu,English,45,ur-en.test,45,A1V9TOOHDBK2TP,3,cmu-bleu-single,6,nus-tesla-f,4,cmu-meteor,2,cmu-bleu,9,stanford-dcp,4,4,4,4,4
Urdu,English,668,ur-en.test,668,A1V9TOOHDBK2TP,7,rwth-cder,1,_ref,8,sheffield-rose,6,nus-tesla-f,4,cmu-meteor,5,4,5,4,4
Urdu,English,669,ur-en.test,669,A1V9TOOHDBK2TP,1,_ref,6,nus-tesla-f,3,cmu-bleu-single,9,stanford-dcp,8,sheffield-rose,3,2,3,3,5
Urdu,English,670,ur-en.test,670,A1V9TOOHDBK2TP,5,cu-sempos-bleu,8,sheffield-rose,2,cmu-bleu,6,nus-tesla-f,9,stanford-dcp,4,5,4,4,4
Urdu,English,848,ur-en.test,848,A1V9TOOHDBK2TP,9,stanford-dcp,6,nus-tesla-f,2,cmu-bleu,7,rwth-cder,5,cu-sempos-bleu,1,3,1,2,3
Urdu,English,849,ur-en.test,849,A1V9TOOHDBK2TP,3,cmu-bleu-single,8,sheffield-rose,2,cmu-bleu,4,cmu-meteor,5,cu-sempos-bleu,4,5,4,4,4
Urdu,English,850,ur-en.test,850,A1V9TOOHDBK2TP,4,cmu-meteor,7,rwth-cder,5,cu-sempos-bleu,3,cmu-bleu-single,2,cmu-bleu,4,2,2,2,4
Urdu,English,229,ur-en.test,229,A1V9TOOHDBK2TP,1,_ref,8,sheffield-rose,5,cu-sempos-bleu,6,nus-tesla-f,4,cmu-meteor,2,5,4,4,4
Urdu,English,230,ur-en.test,230,A1V9TOOHDBK2TP,1,_ref,8,sheffield-rose,7,rwth-cder,3,cmu-bleu-single,5,cu-sempos-bleu,1,5,2,2,2
Urdu,English,231,ur-en.test,231,A1V9TOOHDBK2TP,6,nus-tesla-f,1,_ref,9,stanford-dcp,5,cu-sempos-bleu,4,cmu-meteor,5,2,4,4,4
Urdu,English,713,ur-en.test,713,A1V9TOOHDBK2TP,9,stanford-dcp,7,rwth-cder,8,sheffield-rose,4,cmu-meteor,5,cu-sempos-bleu,4,4,5,4,4
Urdu,English,714,ur-en.test,714,A1V9TOOHDBK2TP,2,cmu-bleu,1,_ref,4,cmu-meteor,6,nus-tesla-f,5,cu-sempos-bleu,5,3,5,5,4
Urdu,English,715,ur-en.test,715,A1V9TOOHDBK2TP,4,cmu-meteor,3,cmu-bleu-single,1,_ref,8,sheffield-rose,5,cu-sempos-bleu,4,4,3,5,4
Urdu,English,172,ur-en.test,172,A1V9TOOHDBK2TP,7,rwth-cder,2,cmu-bleu,1,_ref,9,stanford-dcp,6,nus-tesla-f,4,4,4,4,4
Urdu,English,173,ur-en.test,173,A1V9TOOHDBK2TP,4,cmu-meteor,2,cmu-bleu,6,nus-tesla-f,3,cmu-bleu-single,5,cu-sempos-bleu,4,4,3,4,4
Urdu,English,174,ur-en.test,174,A1V9TOOHDBK2TP,7,rwth-cder,1,_ref,8,sheffield-rose,3,cmu-bleu-single,4,cmu-meteor,4,3,5,4,4
Urdu,English,848,ur-en.test,848,A1V9TOOHDBK2TP,4,cmu-meteor,5,cu-sempos-bleu,1,_ref,8,sheffield-rose,9,stanford-dcp,1,2,3,5,1
Urdu,English,849,ur-en.test,849,A1V9TOOHDBK2TP,6,nus-tesla-f,2,cmu-bleu,3,cmu-bleu-single,1,_ref,7,rwth-cder,3,3,3,4,3
Urdu,English,850,ur-en.test,850,A1V9TOOHDBK2TP,5,cu-sempos-bleu,7,rwth-cder,1,_ref,6,nus-tesla-f,8,sheffield-rose,3,3,3,4,5
Urdu,English,460,ur-en.test,460,A1V9TOOHDBK2TP,5,cu-sempos-bleu,3,cmu-bleu-single,2,cmu-bleu,9,stanford-dcp,7,rwth-cder,4,4,4,4,-1
Urdu,English,461,ur-en.test,461,A1V9TOOHDBK2TP,1,_ref,3,cmu-bleu-single,4,cmu-meteor,5,cu-sempos-bleu,8,sheffield-rose,3,4,4,4,5
Urdu,English,462,ur-en.test,462,A1V9TOOHDBK2TP,3,cmu-bleu-single,1,_ref,8,sheffield-rose,4,cmu-meteor,9,stanford-dcp,3,2,5,3,3
Urdu,English,229,ur-en.test,229,A1V9TOOHDBK2TP,8,sheffield-rose,9,stanford-dcp,3,cmu-bleu-single,2,cmu-bleu,6,nus-tesla-f,5,4,4,3,4
Urdu,English,230,ur-en.test,230,A1V9TOOHDBK2TP,2,cmu-bleu,6,nus-tesla-f,1,_ref,4,cmu-meteor,3,cmu-bleu-single,3,3,1,3,3
Urdu,English,231,ur-en.test,231,A1V9TOOHDBK2TP,8,sheffield-rose,6,nus-tesla-f,1,_ref,2,cmu-bleu,9,stanford-dcp,5,4,3,4,4
Urdu,English,34,ur-en.test,34,A1V9TOOHDBK2TP,9,stanford-dcp,6,nus-tesla-f,5,cu-sempos-bleu,7,rwth-cder,8,sheffield-rose,3,3,4,4,5
Urdu,English,35,ur-en.test,35,A1V9TOOHDBK2TP,3,cmu-bleu-single,4,cmu-meteor,2,cmu-bleu,1,_ref,7,rwth-cder,3,3,3,1,3
Urdu,English,36,ur-en.test,36,A1V9TOOHDBK2TP,3,cmu-bleu-single,1,_ref,8,sheffield-rose,9,stanford-dcp,5,cu-sempos-bleu,4,1,5,4,4
Urdu,English,478,ur-en.test,478,A1V9TOOHDBK2TP,8,sheffield-rose,6,nus-tesla-f,7,rwth-cder,2,cmu-bleu,3,cmu-bleu-single,5,4,3,3,3
Urdu,English,479,ur-en.test,479,A1V9TOOHDBK2TP,4,cmu-meteor,2,cmu-bleu,6,nus-tesla-f,7,rwth-cder,8,sheffield-rose,4,4,4,4,5
Urdu,English,480,ur-en.test,480,A1V9TOOHDBK2TP,8,sheffield-rose,7,rwth-cder,4,cmu-meteor,5,cu-sempos-bleu,3,cmu-bleu-single,5,4,4,4,4
Urdu,English,611,ur-en.test,611,A1V9TOOHDBK2TP,3,cmu-bleu-single,4,cmu-meteor,9,stanford-dcp,1,_ref,8,sheffield-rose,3,3,3,4,5
Urdu,English,612,ur-en.test,612,A1V9TOOHDBK2TP,6,nus-tesla-f,9,stanford-dcp,8,sheffield-rose,3,cmu-bleu-single,1,_ref,3,3,5,3,2
Urdu,English,613,ur-en.test,613,A1V9TOOHDBK2TP,2,cmu-bleu,7,rwth-cder,6,nus-tesla-f,4,cmu-meteor,5,cu-sempos-bleu,4,4,4,4,4
Urdu,English,827,ur-en.test,827,A1V9TOOHDBK2TP,9,stanford-dcp,3,cmu-bleu-single,4,cmu-meteor,7,rwth-cder,2,cmu-bleu,4,4,4,4,4
Urdu,English,828,ur-en.test,828,A1V9TOOHDBK2TP,4,cmu-meteor,8,sheffield-rose,3,cmu-bleu-single,7,rwth-cder,5,cu-sempos-bleu,4,5,4,4,4
Urdu,English,829,ur-en.test,829,A1V9TOOHDBK2TP,6,nus-tesla-f,8,sheffield-rose,4,cmu-meteor,1,_ref,2,cmu-bleu,4,5,4,3,4
Urdu,English,767,ur-en.test,767,A1V9TOOHDBK2TP,2,cmu-bleu,7,rwth-cder,9,stanford-dcp,5,cu-sempos-bleu,8,sheffield-rose,3,2,3,3,5
Urdu,English,768,ur-en.test,768,A1V9TOOHDBK2TP,9,stanford-dcp,3,cmu-bleu-single,8,sheffield-rose,4,cmu-meteor,5,cu-sempos-bleu,4,4,5,4,4
Urdu,English,769,ur-en.test,769,A1V9TOOHDBK2TP,8,sheffield-rose,2,cmu-bleu,5,cu-sempos-bleu,7,rwth-cder,9,stanford-dcp,5,4,4,4,4
Urdu,English,827,ur-en.test,827,A1V9TOOHDBK2TP,6,nus-tesla-f,9,stanford-dcp,5,cu-sempos-bleu,3,cmu-bleu-single,2,cmu-bleu,4,4,4,4,4
Urdu,English,828,ur-en.test,828,A1V9TOOHDBK2TP,2,cmu-bleu,9,stanford-dcp,8,sheffield-rose,4,cmu-meteor,7,rwth-cder,4,4,5,4,4
Urdu,English,829,ur-en.test,829,A1V9TOOHDBK2TP,5,cu-sempos-bleu,4,cmu-meteor,6,nus-tesla-f,7,rwth-cder,9,stanford-dcp,4,4,4,4,4
Urdu,English,187,ur-en.test,187,A1V9TOOHDBK2TP,4,cmu-meteor,9,stanford-dcp,1,_ref,6,nus-tesla-f,5,cu-sempos-bleu,4,4,2,4,4
Urdu,English,188,ur-en.test,188,A1V9TOOHDBK2TP,5,cu-sempos-bleu,7,rwth-cder,4,cmu-meteor,8,sheffield-rose,9,stanford-dcp,2,2,2,5,2
Urdu,English,189,ur-en.test,189,A1V9TOOHDBK2TP,6,nus-tesla-f,3,cmu-bleu-single,9,stanford-dcp,5,cu-sempos-bleu,2,cmu-bleu,3,4,4,4,4
Urdu,English,478,ur-en.test,478,A1V9TOOHDBK2TP,4,cmu-meteor,7,rwth-cder,3,cmu-bleu-single,8,sheffield-rose,5,cu-sempos-bleu,3,3,3,5,3
Urdu,English,479,ur-en.test,479,A1V9TOOHDBK2TP,6,nus-tesla-f,1,_ref,9,stanford-dcp,8,sheffield-rose,3,cmu-bleu-single,4,2,4,5,4
Urdu,English,480,ur-en.test,480,A1V9TOOHDBK2TP,2,cmu-bleu,8,sheffield-rose,1,_ref,4,cmu-meteor,7,rwth-cder,4,5,2,4,4
Urdu,English,139,ur-en.test,139,A1V9TOOHDBK2TP,1,_ref,5,cu-sempos-bleu,6,nus-tesla-f,2,cmu-bleu,8,sheffield-rose,2,3,4,4,5
Urdu,English,140,ur-en.test,140,A1V9TOOHDBK2TP,5,cu-sempos-bleu,1,_ref,2,cmu-bleu,8,sheffield-rose,7,rwth-cder,4,3,4,5,4
Urdu,English,141,ur-en.test,141,A1V9TOOHDBK2TP,9,stanford-dcp,4,cmu-meteor,7,rwth-cder,8,sheffield-rose,2,cmu-bleu,4,3,3,5,3
Urdu,English,28,ur-en.test,28,A1V9TOOHDBK2TP,7,rwth-cder,9,stanford-dcp,8,sheffield-rose,1,_ref,6,nus-tesla-f,3,3,5,3,3
Urdu,English,29,ur-en.test,29,A1V9TOOHDBK2TP,4,cmu-meteor,7,rwth-cder,8,sheffield-rose,6,nus-tesla-f,5,cu-sempos-bleu,4,4,5,4,4
Urdu,English,30,ur-en.test,30,A1V9TOOHDBK2TP,6,nus-tesla-f,1,_ref,2,cmu-bleu,7,rwth-cder,3,cmu-bleu-single,3,2,3,3,3
Urdu,English,644,ur-en.test,644,A1V9TOOHDBK2TP,3,cmu-bleu-single,4,cmu-meteor,5,cu-sempos-bleu,1,_ref,8,sheffield-rose,2,2,2,1,5
Urdu,English,645,ur-en.test,645,A1V9TOOHDBK2TP,6,nus-tesla-f,8,sheffield-rose,7,rwth-cder,5,cu-sempos-bleu,4,cmu-meteor,4,5,4,4,4
Urdu,English,646,ur-en.test,646,A1V9TOOHDBK2TP,3,cmu-bleu-single,8,sheffield-rose,7,rwth-cder,5,cu-sempos-bleu,6,nus-tesla-f,4,5,4,4,4
Urdu,English,358,ur-en.test,358,A1V9TOOHDBK2TP,2,cmu-bleu,3,cmu-bleu-single,9,stanford-dcp,7,rwth-cder,5,cu-sempos-bleu,4,4,4,4,4
Urdu,English,359,ur-en.test,359,A1V9TOOHDBK2TP,1,_ref,8,sheffield-rose,4,cmu-meteor,9,stanford-dcp,2,cmu-bleu,2,5,4,4,4
Urdu,English,360,ur-en.test,360,A1V9TOOHDBK2TP,2,cmu-bleu,4,cmu-meteor,1,_ref,6,nus-tesla-f,9,stanford-dcp,4,4,2,4,4
Urdu,English,82,ur-en.test,82,A1V9TOOHDBK2TP,2,cmu-bleu,6,nus-tesla-f,5,cu-sempos-bleu,4,cmu-meteor,7,rwth-cder,3,4,4,3,4
Urdu,English,83,ur-en.test,83,A1V9TOOHDBK2TP,4,cmu-meteor,3,cmu-bleu-single,9,stanford-dcp,8,sheffield-rose,7,rwth-cder,1,1,1,5,1
Urdu,English,84,ur-en.test,84,A1V9TOOHDBK2TP,5,cu-sempos-bleu,3,cmu-bleu-single,6,nus-tesla-f,2,cmu-bleu,9,stanford-dcp,2,2,3,2,2
Urdu,English,481,ur-en.test,481,A1V9TOOHDBK2TP,2,cmu-bleu,9,stanford-dcp,7,rwth-cder,5,cu-sempos-bleu,4,cmu-meteor,4,3,4,4,3
Urdu,English,482,ur-en.test,482,A1V9TOOHDBK2TP,4,cmu-meteor,9,stanford-dcp,2,cmu-bleu,7,rwth-cder,8,sheffield-rose,4,4,4,4,5
Urdu,English,483,ur-en.test,483,A1V9TOOHDBK2TP,2,cmu-bleu,1,_ref,4,cmu-meteor,5,cu-sempos-bleu,9,stanford-dcp,4,2,4,4,4
Urdu,English,668,ur-en.test,668,A1V9TOOHDBK2TP,3,cmu-bleu-single,2,cmu-bleu,7,rwth-cder,8,sheffield-rose,5,cu-sempos-bleu,4,4,5,5,4
Urdu,English,669,ur-en.test,669,A1V9TOOHDBK2TP,8,sheffield-rose,5,cu-sempos-bleu,4,cmu-meteor,9,stanford-dcp,7,rwth-cder,-1,2,3,3,3
Urdu,English,670,ur-en.test,670,A1V9TOOHDBK2TP,2,cmu-bleu,6,nus-tesla-f,7,rwth-cder,5,cu-sempos-bleu,8,sheffield-rose,4,4,4,4,5
Urdu,English,481,ur-en.test,481,A1V9TOOHDBK2TP,2,cmu-bleu,9,stanford-dcp,7,rwth-cder,5,cu-sempos-bleu,4,cmu-meteor,4,4,4,3,2
Urdu,English,482,ur-en.test,482,A1V9TOOHDBK2TP,4,cmu-meteor,9,stanford-dcp,2,cmu-bleu,7,rwth-cder,8,sheffield-rose,4,4,4,4,5
Urdu,English,483,ur-en.test,483,A1V9TOOHDBK2TP,2,cmu-bleu,1,_ref,4,cmu-meteor,5,cu-sempos-bleu,9,stanford-dcp,4,2,4,4,4
Urdu,English,28,ur-en.test,28,A1V9TOOHDBK2TP,2,cmu-bleu,9,stanford-dcp,6,nus-tesla-f,1,_ref,7,rwth-cder,3,3,4,2,3
Urdu,English,29,ur-en.test,29,A1V9TOOHDBK2TP,6,nus-tesla-f,3,cmu-bleu-single,9,stanford-dcp,7,rwth-cder,2,cmu-bleu,4,4,4,4,4
Urdu,English,30,ur-en.test,30,A1V9TOOHDBK2TP,4,cmu-meteor,1,_ref,8,sheffield-rose,9,stanford-dcp,6,nus-tesla-f,3,1,5,3,3
Urdu,English,16,ur-en.test,16,A1V9TOOHDBK2TP,5,cu-sempos-bleu,8,sheffield-rose,9,stanford-dcp,6,nus-tesla-f,1,_ref,2,5,3,2,1
Urdu,English,17,ur-en.test,17,A1V9TOOHDBK2TP,2,cmu-bleu,1,_ref,6,nus-tesla-f,8,sheffield-rose,5,cu-sempos-bleu,3,2,4,5,3
Urdu,English,18,ur-en.test,18,A1V9TOOHDBK2TP,2,cmu-bleu,4,cmu-meteor,7,rwth-cder,9,stanford-dcp,1,_ref,4,3,4,4,1
Urdu,English,481,ur-en.test,481,A1V9TOOHDBK2TP,4,cmu-meteor,6,nus-tesla-f,2,cmu-bleu,1,_ref,3,cmu-bleu-single,3,3,4,2,3
Urdu,English,482,ur-en.test,482,A1V9TOOHDBK2TP,4,cmu-meteor,2,cmu-bleu,7,rwth-cder,8,sheffield-rose,3,cmu-bleu-single,4,4,4,5,4
Urdu,English,483,ur-en.test,483,A1V9TOOHDBK2TP,2,cmu-bleu,1,_ref,5,cu-sempos-bleu,4,cmu-meteor,3,cmu-bleu-single,4,2,4,4,4
Urdu,English,544,ur-en.test,544,A1V9TOOHDBK2TP,5,cu-sempos-bleu,8,sheffield-rose,7,rwth-cder,3,cmu-bleu-single,2,cmu-bleu,5,5,5,5,5
Urdu,English,545,ur-en.test,545,A1V9TOOHDBK2TP,9,stanford-dcp,8,sheffield-rose,2,cmu-bleu,6,nus-tesla-f,1,_ref,4,5,4,3,2
Urdu,English,546,ur-en.test,546,A1V9TOOHDBK2TP,7,rwth-cder,4,cmu-meteor,5,cu-sempos-bleu,6,nus-tesla-f,2,cmu-bleu,5,5,5,5,5
Urdu,English,181,ur-en.test,181,A1V9TOOHDBK2TP,1,_ref,2,cmu-bleu,5,cu-sempos-bleu,8,sheffield-rose,4,cmu-meteor,3,2,2,5,2
Urdu,English,182,ur-en.test,182,A1V9TOOHDBK2TP,2,cmu-bleu,9,stanford-dcp,4,cmu-meteor,7,rwth-cder,6,nus-tesla-f,4,3,4,4,4
Urdu,English,183,ur-en.test,183,A1V9TOOHDBK2TP,6,nus-tesla-f,1,_ref,4,cmu-meteor,9,stanford-dcp,3,cmu-bleu-single,5,2,4,4,4
Urdu,English,187,ur-en.test,187,A1V9TOOHDBK2TP,2,cmu-bleu,4,cmu-meteor,5,cu-sempos-bleu,3,cmu-bleu-single,9,stanford-dcp,4,4,4,4,4
Urdu,English,188,ur-en.test,188,A1V9TOOHDBK2TP,2,cmu-bleu,9,stanford-dcp,4,cmu-meteor,3,cmu-bleu-single,5,cu-sempos-bleu,2,2,2,2,2
Urdu,English,189,ur-en.test,189,A1V9TOOHDBK2TP,6,nus-tesla-f,3,cmu-bleu-single,1,_ref,4,cmu-meteor,2,cmu-bleu,3,4,3,4,4
Urdu,English,181,ur-en.test,181,A1V9TOOHDBK2TP,8,sheffield-rose,6,nus-tesla-f,2,cmu-bleu,4,cmu-meteor,3,cmu-bleu-single,5,2,3,3,3
Urdu,English,182,ur-en.test,182,A1V9TOOHDBK2TP,3,cmu-bleu-single,8,sheffield-rose,6,nus-tesla-f,7,rwth-cder,1,_ref,3,5,4,4,2
Urdu,English,183,ur-en.test,183,A1V9TOOHDBK2TP,2,cmu-bleu,4,cmu-meteor,1,_ref,7,rwth-cder,9,stanford-dcp,4,4,2,4,4
Urdu,English,611,ur-en.test,611,A9JDSF9W11ULY,1,_ref,3,cmu-bleu-single,7,rwth-cder,4,cmu-meteor,6,nus-tesla-f,1,3,2,3,5
Urdu,English,612,ur-en.test,612,A9JDSF9W11ULY,3,cmu-bleu-single,5,cu-sempos-bleu,8,sheffield-rose,1,_ref,4,cmu-meteor,2,4,5,1,4
Urdu,English,613,ur-en.test,613,A9JDSF9W11ULY,1,_ref,3,cmu-bleu-single,6,nus-tesla-f,9,stanford-dcp,4,cmu-meteor,4,5,5,5,5
Urdu,English,28,ur-en.test,28,A1V9TOOHDBK2TP,7,rwth-cder,4,cmu-meteor,1,_ref,5,cu-sempos-bleu,3,cmu-bleu-single,3,3,2,3,3
Urdu,English,29,ur-en.test,29,A1V9TOOHDBK2TP,3,cmu-bleu-single,5,cu-sempos-bleu,4,cmu-meteor,8,sheffield-rose,1,_ref,4,4,4,5,2
Urdu,English,30,ur-en.test,30,A1V9TOOHDBK2TP,9,stanford-dcp,2,cmu-bleu,5,cu-sempos-bleu,8,sheffield-rose,7,rwth-cder,3,3,3,5,3
Urdu,English,544,ur-en.test,544,A1V9TOOHDBK2TP,7,rwth-cder,9,stanford-dcp,2,cmu-bleu,3,cmu-bleu-single,5,cu-sempos-bleu,5,5,5,5,5
Urdu,English,545,ur-en.test,545,A1V9TOOHDBK2TP,9,stanford-dcp,1,_ref,2,cmu-bleu,5,cu-sempos-bleu,7,rwth-cder,5,1,5,4,5
Urdu,English,546,ur-en.test,546,A1V9TOOHDBK2TP,4,cmu-meteor,6,nus-tesla-f,8,sheffield-rose,3,cmu-bleu-single,2,cmu-bleu,5,5,5,5,5
Urdu,English,106,ur-en.test,106,A1V9TOOHDBK2TP,9,stanford-dcp,7,rwth-cder,2,cmu-bleu,4,cmu-meteor,1,_ref,4,4,4,4,2
Urdu,English,107,ur-en.test,107,A1V9TOOHDBK2TP,6,nus-tesla-f,5,cu-sempos-bleu,1,_ref,7,rwth-cder,4,cmu-meteor,3,4,2,3,3
Urdu,English,108,ur-en.test,108,A1V9TOOHDBK2TP,7,rwth-cder,8,sheffield-rose,1,_ref,3,cmu-bleu-single,2,cmu-bleu,2,5,1,2,2
Urdu,English,16,ur-en.test,16,A1V9TOOHDBK2TP,7,rwth-cder,5,cu-sempos-bleu,4,cmu-meteor,8,sheffield-rose,9,stanford-dcp,3,2,2,5,3
Urdu,English,17,ur-en.test,17,A1V9TOOHDBK2TP,8,sheffield-rose,3,cmu-bleu-single,2,cmu-bleu,5,cu-sempos-bleu,4,cmu-meteor,5,4,4,3,4
Urdu,English,18,ur-en.test,18,A1V9TOOHDBK2TP,7,rwth-cder,5,cu-sempos-bleu,4,cmu-meteor,9,stanford-dcp,1,_ref,4,4,4,4,2
Urdu,English,16,ur-en.test,16,A1V9TOOHDBK2TP,3,cmu-bleu-single,2,cmu-bleu,1,_ref,7,rwth-cder,5,cu-sempos-bleu,3,2,1,3,1
Urdu,English,17,ur-en.test,17,A1V9TOOHDBK2TP,4,cmu-meteor,8,sheffield-rose,6,nus-tesla-f,5,cu-sempos-bleu,9,stanford-dcp,4,5,4,4,4
Urdu,English,18,ur-en.test,18,A1V9TOOHDBK2TP,2,cmu-bleu,9,stanford-dcp,7,rwth-cder,8,sheffield-rose,5,cu-sempos-bleu,4,4,4,5,4
Urdu,English,544,ur-en.test,544,A1V9TOOHDBK2TP,1,_ref,5,cu-sempos-bleu,7,rwth-cder,4,cmu-meteor,9,stanford-dcp,3,5,5,-1,5
Urdu,English,545,ur-en.test,545,A1V9TOOHDBK2TP,5,cu-sempos-bleu,2,cmu-bleu,6,nus-tesla-f,1,_ref,3,cmu-bleu-single,3,5,4,2,5
Urdu,English,546,ur-en.test,546,A1V9TOOHDBK2TP,4,cmu-meteor,2,cmu-bleu,8,sheffield-rose,9,stanford-dcp,3,cmu-bleu-single,5,5,5,5,5
Urdu,English,43,ur-en.test,43,A1V9TOOHDBK2TP,5,cu-sempos-bleu,2,cmu-bleu,7,rwth-cder,1,_ref,4,cmu-meteor,4,4,-1,2,4
Urdu,English,44,ur-en.test,44,A1V9TOOHDBK2TP,7,rwth-cder,3,cmu-bleu-single,8,sheffield-rose,1,_ref,2,cmu-bleu,2,2,5,1,2
Urdu,English,45,ur-en.test,45,A1V9TOOHDBK2TP,7,rwth-cder,5,cu-sempos-bleu,3,cmu-bleu-single,1,_ref,6,nus-tesla-f,4,4,4,4,4
Urdu,English,644,ur-en.test,644,A1V9TOOHDBK2TP,4,cmu-meteor,1,_ref,9,stanford-dcp,2,cmu-bleu,5,cu-sempos-bleu,2,1,2,2,2
Urdu,English,645,ur-en.test,645,A1V9TOOHDBK2TP,7,rwth-cder,2,cmu-bleu,4,cmu-meteor,8,sheffield-rose,1,_ref,4,4,4,5,3
Urdu,English,646,ur-en.test,646,A1V9TOOHDBK2TP,6,nus-tesla-f,5,cu-sempos-bleu,1,_ref,3,cmu-bleu-single,9,stanford-dcp,4,4,3,4,4
Urdu,English,860,ur-en.test,860,A1V9TOOHDBK2TP,5,cu-sempos-bleu,6,nus-tesla-f,9,stanford-dcp,8,sheffield-rose,7,rwth-cder,4,4,4,5,4
Urdu,English,861,ur-en.test,861,A1V9TOOHDBK2TP,9,stanford-dcp,6,nus-tesla-f,2,cmu-bleu,8,sheffield-rose,7,rwth-cder,2,2,2,5,2
Urdu,English,862,ur-en.test,862,A1V9TOOHDBK2TP,6,nus-tesla-f,5,cu-sempos-bleu,7,rwth-cder,2,cmu-bleu,9,stanford-dcp,5,4,4,4,4
Urdu,English,19,ur-en.test,19,A1V9TOOHDBK2TP,4,cmu-meteor,1,_ref,2,cmu-bleu,3,cmu-bleu-single,9,stanford-dcp,3,2,3,4,3
Urdu,English,20,ur-en.test,20,A1V9TOOHDBK2TP,5,cu-sempos-bleu,3,cmu-bleu-single,2,cmu-bleu,8,sheffield-rose,4,cmu-meteor,4,4,4,5,4
Urdu,English,21,ur-en.test,21,A1V9TOOHDBK2TP,4,cmu-meteor,9,stanford-dcp,1,_ref,2,cmu-bleu,7,rwth-cder,3,3,2,3,3
Urdu,English,358,ur-en.test,358,A1V9TOOHDBK2TP,6,nus-tesla-f,2,cmu-bleu,9,stanford-dcp,1,_ref,5,cu-sempos-bleu,4,4,4,2,4
Urdu,English,359,ur-en.test,359,A1V9TOOHDBK2TP,7,rwth-cder,6,nus-tesla-f,2,cmu-bleu,3,cmu-bleu-single,9,stanford-dcp,4,4,4,3,4
Urdu,English,360,ur-en.test,360,A1V9TOOHDBK2TP,3,cmu-bleu-single,2,cmu-bleu,7,rwth-cder,1,_ref,6,nus-tesla-f,4,4,4,3,4
Urdu,English,668,ur-en.test,668,A9JDSF9W11ULY,2,cmu-bleu,9,stanford-dcp,8,sheffield-rose,5,cu-sempos-bleu,6,nus-tesla-f,4,4,5,4,4
Urdu,English,669,ur-en.test,669,A9JDSF9W11ULY,1,_ref,7,rwth-cder,6,nus-tesla-f,8,sheffield-rose,3,cmu-bleu-single,3,4,3,5,4
Urdu,English,670,ur-en.test,670,A9JDSF9W11ULY,7,rwth-cder,3,cmu-bleu-single,5,cu-sempos-bleu,9,stanford-dcp,1,_ref,4,4,4,4,2
Urdu,English,82,ur-en.test,82,A1V9TOOHDBK2TP,1,_ref,3,cmu-bleu-single,8,sheffield-rose,6,nus-tesla-f,2,cmu-bleu,2,4,5,4,4
Urdu,English,83,ur-en.test,83,A1V9TOOHDBK2TP,1,_ref,4,cmu-meteor,5,cu-sempos-bleu,3,cmu-bleu-single,9,stanford-dcp,1,1,1,1,1
Urdu,English,84,ur-en.test,84,A1V9TOOHDBK2TP,5,cu-sempos-bleu,7,rwth-cder,8,sheffield-rose,3,cmu-bleu-single,1,_ref,2,2,5,2,2
Urdu,English,767,ur-en.test,767,A1V9TOOHDBK2TP,1,_ref,3,cmu-bleu-single,5,cu-sempos-bleu,8,sheffield-rose,4,cmu-meteor,2,3,3,5,3
Urdu,English,768,ur-en.test,768,A1V9TOOHDBK2TP,2,cmu-bleu,1,_ref,7,rwth-cder,5,cu-sempos-bleu,6,nus-tesla-f,4,3,4,4,4
Urdu,English,769,ur-en.test,769,A1V9TOOHDBK2TP,3,cmu-bleu-single,6,nus-tesla-f,8,sheffield-rose,1,_ref,9,stanford-dcp,3,4,5,2,3
Urdu,English,848,ur-en.test,848,A1V9TOOHDBK2TP,4,cmu-meteor,5,cu-sempos-bleu,1,_ref,8,sheffield-rose,9,stanford-dcp,1,2,2,5,1
Urdu,English,849,ur-en.test,849,A1V9TOOHDBK2TP,6,nus-tesla-f,2,cmu-bleu,3,cmu-bleu-single,1,_ref,7,rwth-cder,3,3,3,4,3
Urdu,English,850,ur-en.test,850,A1V9TOOHDBK2TP,5,cu-sempos-bleu,7,rwth-cder,1,_ref,6,nus-tesla-f,8,sheffield-rose,3,3,3,4,5
Urdu,English,43,ur-en.test,43,A1V9TOOHDBK2TP,6,nus-tesla-f,3,cmu-bleu-single,1,_ref,5,cu-sempos-bleu,8,sheffield-rose,4,4,3,4,5
Urdu,English,44,ur-en.test,44,A1V9TOOHDBK2TP,9,stanford-dcp,8,sheffield-rose,3,cmu-bleu-single,1,_ref,5,cu-sempos-bleu,3,5,3,2,3
Urdu,English,45,ur-en.test,45,A1V9TOOHDBK2TP,7,rwth-cder,5,cu-sempos-bleu,1,_ref,4,cmu-meteor,6,nus-tesla-f,4,4,2,4,4
Urdu,English,40,ur-en.test,40,A1V9TOOHDBK2TP,1,_ref,8,sheffield-rose,5,cu-sempos-bleu,6,nus-tesla-f,7,rwth-cder,2,5,4,4,4
Urdu,English,41,ur-en.test,41,A1V9TOOHDBK2TP,2,cmu-bleu,6,nus-tesla-f,1,_ref,9,stanford-dcp,7,rwth-cder,2,3,2,2,2
Urdu,English,42,ur-en.test,42,A1V9TOOHDBK2TP,2,cmu-bleu,7,rwth-cder,8,sheffield-rose,5,cu-sempos-bleu,3,cmu-bleu-single,2,1,5,2,2
Urdu,English,16,ur-en.test,16,A1V9TOOHDBK2TP,5,cu-sempos-bleu,8,sheffield-rose,9,stanford-dcp,6,nus-tesla-f,1,_ref,2,5,3,2,1
Urdu,English,17,ur-en.test,17,A1V9TOOHDBK2TP,2,cmu-bleu,1,_ref,6,nus-tesla-f,8,sheffield-rose,5,cu-sempos-bleu,3,4,4,5,3
Urdu,English,18,ur-en.test,18,A1V9TOOHDBK2TP,2,cmu-bleu,4,cmu-meteor,7,rwth-cder,9,stanford-dcp,1,_ref,4,4,4,4,1
Urdu,English,172,ur-en.test,172,A1V9TOOHDBK2TP,2,cmu-bleu,4,cmu-meteor,8,sheffield-rose,3,cmu-bleu-single,9,stanford-dcp,4,4,5,4,4
Urdu,English,173,ur-en.test,173,A1V9TOOHDBK2TP,7,rwth-cder,1,_ref,4,cmu-meteor,8,sheffield-rose,6,nus-tesla-f,4,3,4,5,4
Urdu,English,174,ur-en.test,174,A1V9TOOHDBK2TP,7,rwth-cder,9,stanford-dcp,6,nus-tesla-f,3,cmu-bleu-single,5,cu-sempos-bleu,4,4,4,4,4
Urdu,English,767,ur-en.test,767,A1V9TOOHDBK2TP,6,nus-tesla-f,4,cmu-meteor,2,cmu-bleu,7,rwth-cder,5,cu-sempos-bleu,3,3,3,2,3
Urdu,English,768,ur-en.test,768,A1V9TOOHDBK2TP,2,cmu-bleu,9,stanford-dcp,7,rwth-cder,6,nus-tesla-f,5,cu-sempos-bleu,4,4,4,4,4
Urdu,English,769,ur-en.test,769,A1V9TOOHDBK2TP,8,sheffield-rose,7,rwth-cder,6,nus-tesla-f,2,cmu-bleu,4,cmu-meteor,5,4,3,4,4
Urdu,English,28,ur-en.test,28,A1V9TOOHDBK2TP,7,rwth-cder,4,cmu-meteor,1,_ref,5,cu-sempos-bleu,3,cmu-bleu-single,3,3,3,3,3
Urdu,English,29,ur-en.test,29,A1V9TOOHDBK2TP,3,cmu-bleu-single,5,cu-sempos-bleu,4,cmu-meteor,8,sheffield-rose,1,_ref,4,4,4,5,3
Urdu,English,30,ur-en.test,30,A1V9TOOHDBK2TP,9,stanford-dcp,2,cmu-bleu,5,cu-sempos-bleu,8,sheffield-rose,7,rwth-cder,3,3,3,5,3
Urdu,English,19,ur-en.test,19,A1V9TOOHDBK2TP,1,_ref,8,sheffield-rose,3,cmu-bleu-single,9,stanford-dcp,5,cu-sempos-bleu,2,5,4,3,3
Urdu,English,20,ur-en.test,20,A1V9TOOHDBK2TP,7,rwth-cder,3,cmu-bleu-single,1,_ref,8,sheffield-rose,5,cu-sempos-bleu,4,4,1,5,4
Urdu,English,21,ur-en.test,21,A1V9TOOHDBK2TP,5,cu-sempos-bleu,7,rwth-cder,3,cmu-bleu-single,1,_ref,8,sheffield-rose,3,3,3,1,5
Urdu,English,106,ur-en.test,106,A1V9TOOHDBK2TP,9,stanford-dcp,2,cmu-bleu,5,cu-sempos-bleu,4,cmu-meteor,1,_ref,3,3,3,3,2
Urdu,English,107,ur-en.test,107,A1V9TOOHDBK2TP,1,_ref,7,rwth-cder,5,cu-sempos-bleu,9,stanford-dcp,8,sheffield-rose,1,2,3,3,5
Urdu,English,108,ur-en.test,108,A1V9TOOHDBK2TP,8,sheffield-rose,2,cmu-bleu,7,rwth-cder,6,nus-tesla-f,4,cmu-meteor,5,3,3,3,3
Urdu,English,139,ur-en.test,139,A1V9TOOHDBK2TP,6,nus-tesla-f,2,cmu-bleu,4,cmu-meteor,7,rwth-cder,5,cu-sempos-bleu,4,4,4,4,4
Urdu,English,140,ur-en.test,140,A1V9TOOHDBK2TP,4,cmu-meteor,5,cu-sempos-bleu,1,_ref,7,rwth-cder,2,cmu-bleu,4,4,3,4,4
Urdu,English,141,ur-en.test,141,A1V9TOOHDBK2TP,3,cmu-bleu-single,5,cu-sempos-bleu,4,cmu-meteor,9,stanford-dcp,7,rwth-cder,3,3,3,3,3
Urdu,English,172,ur-en.test,172,A1V9TOOHDBK2TP,6,nus-tesla-f,8,sheffield-rose,2,cmu-bleu,1,_ref,9,stanford-dcp,4,5,4,3,4
Urdu,English,173,ur-en.test,173,A1V9TOOHDBK2TP,5,cu-sempos-bleu,6,nus-tesla-f,8,sheffield-rose,7,rwth-cder,9,stanford-dcp,4,4,5,4,4
Urdu,English,174,ur-en.test,174,A1V9TOOHDBK2TP,4,cmu-meteor,9,stanford-dcp,6,nus-tesla-f,8,sheffield-rose,2,cmu-bleu,4,4,5,5,4
Urdu,English,460,ur-en.test,460,A1V9TOOHDBK2TP,2,cmu-bleu,4,cmu-meteor,6,nus-tesla-f,3,cmu-bleu-single,8,sheffield-rose,4,4,4,4,5
Urdu,English,461,ur-en.test,461,A1V9TOOHDBK2TP,3,cmu-bleu-single,5,cu-sempos-bleu,2,cmu-bleu,7,rwth-cder,9,stanford-dcp,4,4,4,4,4
Urdu,English,462,ur-en.test,462,A1V9TOOHDBK2TP,5,cu-sempos-bleu,3,cmu-bleu-single,1,_ref,6,nus-tesla-f,4,cmu-meteor,3,3,2,3,3
Urdu,English,662,ur-en.test,662,A1V9TOOHDBK2TP,4,cmu-meteor,2,cmu-bleu,1,_ref,9,stanford-dcp,6,nus-tesla-f,4,4,3,4,4
Urdu,English,663,ur-en.test,663,A1V9TOOHDBK2TP,2,cmu-bleu,4,cmu-meteor,3,cmu-bleu-single,7,rwth-cder,5,cu-sempos-bleu,4,4,4,4,4
Urdu,English,664,ur-en.test,664,A1V9TOOHDBK2TP,8,sheffield-rose,1,_ref,6,nus-tesla-f,7,rwth-cder,5,cu-sempos-bleu,5,4,4,4,4
Urdu,English,740,ur-en.test,740,A1V9TOOHDBK2TP,4,cmu-meteor,9,stanford-dcp,5,cu-sempos-bleu,1,_ref,2,cmu-bleu,5,4,5,1,5
Urdu,English,741,ur-en.test,741,A1V9TOOHDBK2TP,2,cmu-bleu,8,sheffield-rose,5,cu-sempos-bleu,1,_ref,6,nus-tesla-f,3,5,3,4,3
Urdu,English,742,ur-en.test,742,A1V9TOOHDBK2TP,1,_ref,3,cmu-bleu-single,6,nus-tesla-f,5,cu-sempos-bleu,8,sheffield-rose,1,5,5,5,5
Urdu,English,481,ur-en.test,481,A1V9TOOHDBK2TP,4,cmu-meteor,6,nus-tesla-f,2,cmu-bleu,1,_ref,3,cmu-bleu-single,4,5,4,2,4
Urdu,English,482,ur-en.test,482,A1V9TOOHDBK2TP,4,cmu-meteor,2,cmu-bleu,7,rwth-cder,8,sheffield-rose,3,cmu-bleu-single,4,4,4,5,4
Urdu,English,483,ur-en.test,483,A1V9TOOHDBK2TP,2,cmu-bleu,1,_ref,5,cu-sempos-bleu,4,cmu-meteor,3,cmu-bleu-single,4,2,4,4,4
Urdu,English,34,ur-en.test,34,A1V9TOOHDBK2TP,1,_ref,8,sheffield-rose,4,cmu-meteor,2,cmu-bleu,7,rwth-cder,3,5,4,3,4
Urdu,English,35,ur-en.test,35,A1V9TOOHDBK2TP,3,cmu-bleu-single,1,_ref,5,cu-sempos-bleu,4,cmu-meteor,8,sheffield-rose,3,1,3,3,5
Urdu,English,36,ur-en.test,36,A1V9TOOHDBK2TP,7,rwth-cder,3,cmu-bleu-single,4,cmu-meteor,6,nus-tesla-f,2,cmu-bleu,4,4,4,3,4
Urdu,English,82,ur-en.test,82,A1V9TOOHDBK2TP,2,cmu-bleu,3,cmu-bleu-single,5,cu-sempos-bleu,8,sheffield-rose,7,rwth-cder,4,4,4,5,4
Urdu,English,83,ur-en.test,83,A1V9TOOHDBK2TP,1,_ref,6,nus-tesla-f,8,sheffield-rose,3,cmu-bleu-single,7,rwth-cder,1,1,5,1,1
Urdu,English,84,ur-en.test,84,A1V9TOOHDBK2TP,4,cmu-meteor,1,_ref,5,cu-sempos-bleu,6,nus-tesla-f,7,rwth-cder,3,2,2,3,2
Urdu,English,40,ur-en.test,40,A1V9TOOHDBK2TP,1,_ref,8,sheffield-rose,5,cu-sempos-bleu,6,nus-tesla-f,7,rwth-cder,2,5,4,4,4
Urdu,English,41,ur-en.test,41,A1V9TOOHDBK2TP,2,cmu-bleu,6,nus-tesla-f,1,_ref,9,stanford-dcp,7,rwth-cder,3,3,3,3,3
Urdu,English,42,ur-en.test,42,A1V9TOOHDBK2TP,2,cmu-bleu,7,rwth-cder,8,sheffield-rose,5,cu-sempos-bleu,3,cmu-bleu-single,3,2,5,3,3
Urdu,English,713,ur-en.test,713,A1V9TOOHDBK2TP,7,rwth-cder,1,_ref,6,nus-tesla-f,9,stanford-dcp,5,cu-sempos-bleu,4,3,4,4,4
Urdu,English,714,ur-en.test,714,A1V9TOOHDBK2TP,2,cmu-bleu,1,_ref,7,rwth-cder,6,nus-tesla-f,9,stanford-dcp,5,4,5,5,5
Urdu,English,715,ur-en.test,715,A1V9TOOHDBK2TP,5,cu-sempos-bleu,4,cmu-meteor,9,stanford-dcp,8,sheffield-rose,2,cmu-bleu,4,4,4,5,4
Urdu,English,112,ur-en.test,112,A1V9TOOHDBK2TP,1,_ref,3,cmu-bleu-single,9,stanford-dcp,2,cmu-bleu,7,rwth-cder,3,3,3,4,4
Urdu,English,113,ur-en.test,113,A1V9TOOHDBK2TP,4,cmu-meteor,2,cmu-bleu,3,cmu-bleu-single,5,cu-sempos-bleu,8,sheffield-rose,4,4,4,4,5
Urdu,English,114,ur-en.test,114,A1V9TOOHDBK2TP,9,stanford-dcp,4,cmu-meteor,5,cu-sempos-bleu,3,cmu-bleu-single,1,_ref,3,3,4,3,1
Urdu,English,644,ur-en.test,644,A1V9TOOHDBK2TP,8,sheffield-rose,4,cmu-meteor,6,nus-tesla-f,1,_ref,7,rwth-cder,5,2,1,1,3
Urdu,English,645,ur-en.test,645,A1V9TOOHDBK2TP,7,rwth-cder,5,cu-sempos-bleu,9,stanford-dcp,8,sheffield-rose,4,cmu-meteor,5,5,5,5,5
Urdu,English,646,ur-en.test,646,A1V9TOOHDBK2TP,5,cu-sempos-bleu,6,nus-tesla-f,2,cmu-bleu,7,rwth-cder,9,stanford-dcp,4,4,4,4,4
Urdu,English,481,ur-en.test,481,A1V9TOOHDBK2TP,4,cmu-meteor,9,stanford-dcp,7,rwth-cder,3,cmu-bleu-single,8,sheffield-rose,3,4,3,3,5
Urdu,English,482,ur-en.test,482,A1V9TOOHDBK2TP,8,sheffield-rose,1,_ref,7,rwth-cder,3,cmu-bleu-single,4,cmu-meteor,5,2,4,4,4
Urdu,English,483,ur-en.test,483,A1V9TOOHDBK2TP,5,cu-sempos-bleu,8,sheffield-rose,4,cmu-meteor,3,cmu-bleu-single,6,nus-tesla-f,4,5,4,4,4
Urdu,English,848,ur-en.test,848,A1V9TOOHDBK2TP,6,nus-tesla-f,9,stanford-dcp,3,cmu-bleu-single,5,cu-sempos-bleu,8,sheffield-rose,2,1,1,2,5
Urdu,English,849,ur-en.test,849,A1V9TOOHDBK2TP,8,sheffield-rose,2,cmu-bleu,1,_ref,6,nus-tesla-f,9,stanford-dcp,5,2,3,2,2
Urdu,English,850,ur-en.test,850,A1V9TOOHDBK2TP,3,cmu-bleu-single,1,_ref,6,nus-tesla-f,8,sheffield-rose,5,cu-sempos-bleu,3,3,4,5,3
Urdu,English,34,ur-en.test,34,A1V9TOOHDBK2TP,1,_ref,8,sheffield-rose,4,cmu-meteor,2,cmu-bleu,7,rwth-cder,3,5,4,3,4
Urdu,English,35,ur-en.test,35,A1V9TOOHDBK2TP,3,cmu-bleu-single,1,_ref,5,cu-sempos-bleu,4,cmu-meteor,8,sheffield-rose,3,1,3,3,5
Urdu,English,36,ur-en.test,36,A1V9TOOHDBK2TP,7,rwth-cder,3,cmu-bleu-single,4,cmu-meteor,6,nus-tesla-f,2,cmu-bleu,4,4,4,3,3
Urdu,English,499,ur-en.test,499,A18KPQKAC1S9LU,6,nus-tesla-f,9,stanford-dcp,8,sheffield-rose,1,_ref,3,cmu-bleu-single,2,2,5,1,2
Urdu,English,500,ur-en.test,500,A18KPQKAC1S9LU,7,rwth-cder,4,cmu-meteor,1,_ref,9,stanford-dcp,5,cu-sempos-bleu,2,3,1,2,3
Urdu,English,501,ur-en.test,501,A18KPQKAC1S9LU,6,nus-tesla-f,7,rwth-cder,2,cmu-bleu,9,stanford-dcp,8,sheffield-rose,1,2,2,2,5
Urdu,English,499,ur-en.test,499,A1OKTUHM3YA4N,1,_ref,9,stanford-dcp,5,cu-sempos-bleu,2,cmu-bleu,7,rwth-cder,1,-1,2,2,2
Urdu,English,500,ur-en.test,500,A1OKTUHM3YA4N,2,cmu-bleu,8,sheffield-rose,3,cmu-bleu-single,1,_ref,9,stanford-dcp,3,5,3,1,3
Urdu,English,501,ur-en.test,501,A1OKTUHM3YA4N,1,_ref,5,cu-sempos-bleu,3,cmu-bleu-single,4,cmu-meteor,2,cmu-bleu,5,4,4,4,4
Urdu,English,632,ur-en.test,632,A18L1QPXVPUFG2,6,nus-tesla-f,3,cmu-bleu-single,2,cmu-bleu,8,sheffield-rose,5,cu-sempos-bleu,4,3,3,5,4
Urdu,English,633,ur-en.test,633,A18L1QPXVPUFG2,8,sheffield-rose,9,stanford-dcp,4,cmu-meteor,5,cu-sempos-bleu,6,nus-tesla-f,5,5,3,3,3
Urdu,English,634,ur-en.test,634,A18L1QPXVPUFG2,8,sheffield-rose,4,cmu-meteor,1,_ref,6,nus-tesla-f,7,rwth-cder,5,3,4,1,3
Urdu,English,316,ur-en.test,316,A18L1QPXVPUFG2,7,rwth-cder,9,stanford-dcp,4,cmu-meteor,3,cmu-bleu-single,5,cu-sempos-bleu,4,3,5,3,3
Urdu,English,317,ur-en.test,317,A18L1QPXVPUFG2,1,_ref,2,cmu-bleu,3,cmu-bleu-single,8,sheffield-rose,4,cmu-meteor,3,1,1,5,1
Urdu,English,318,ur-en.test,318,A18L1QPXVPUFG2,5,cu-sempos-bleu,8,sheffield-rose,6,nus-tesla-f,4,cmu-meteor,2,cmu-bleu,3,5,4,2,2
Urdu,English,1,ur-en.test,1,A10P4CWMDQU4WF,4,cmu-meteor,1,_ref,7,rwth-cder,5,cu-sempos-bleu,2,cmu-bleu,2,1,2,5,2
Urdu,English,2,ur-en.test,2,A10P4CWMDQU4WF,6,nus-tesla-f,5,cu-sempos-bleu,1,_ref,7,rwth-cder,9,stanford-dcp,2,2,1,4,5
Urdu,English,3,ur-en.test,3,A10P4CWMDQU4WF,4,cmu-meteor,1,_ref,6,nus-tesla-f,3,cmu-bleu-single,9,stanford-dcp,4,1,4,2,5
Urdu,English,611,ur-en.test,611,A3L1TNHRLMPUVO,4,cmu-meteor,7,rwth-cder,6,nus-tesla-f,9,stanford-dcp,2,cmu-bleu,3,1,4,2,3
Urdu,English,612,ur-en.test,612,A3L1TNHRLMPUVO,2,cmu-bleu,5,cu-sempos-bleu,6,nus-tesla-f,3,cmu-bleu-single,1,_ref,2,3,3,2,1
Urdu,English,613,ur-en.test,613,A3L1TNHRLMPUVO,7,rwth-cder,4,cmu-meteor,2,cmu-bleu,9,stanford-dcp,3,cmu-bleu-single,1,1,1,1,1
Urdu,English,232,ur-en.test,232,A18KPQKAC1S9LU,6,nus-tesla-f,1,_ref,9,stanford-dcp,8,sheffield-rose,5,cu-sempos-bleu,2,1,3,5,2
Urdu,English,233,ur-en.test,233,A18KPQKAC1S9LU,4,cmu-meteor,3,cmu-bleu-single,9,stanford-dcp,7,rwth-cder,1,_ref,2,2,5,2,1
Urdu,English,234,ur-en.test,234,A18KPQKAC1S9LU,8,sheffield-rose,3,cmu-bleu-single,1,_ref,5,cu-sempos-bleu,7,rwth-cder,5,2,1,4,4
Urdu,English,1,ur-en.test,1,A18KPQKAC1S9LU,4,cmu-meteor,7,rwth-cder,8,sheffield-rose,2,cmu-bleu,1,_ref,3,2,5,3,1
Urdu,English,2,ur-en.test,2,A18KPQKAC1S9LU,6,nus-tesla-f,1,_ref,5,cu-sempos-bleu,7,rwth-cder,8,sheffield-rose,3,1,3,2,5
Urdu,English,3,ur-en.test,3,A18KPQKAC1S9LU,2,cmu-bleu,6,nus-tesla-f,1,_ref,3,cmu-bleu-single,8,sheffield-rose,3,2,1,2,5
Urdu,English,316,ur-en.test,316,A18KPQKAC1S9LU,7,rwth-cder,9,stanford-dcp,4,cmu-meteor,3,cmu-bleu-single,5,cu-sempos-bleu,1,1,1,1,1
Urdu,English,317,ur-en.test,317,A18KPQKAC1S9LU,1,_ref,2,cmu-bleu,3,cmu-bleu-single,8,sheffield-rose,4,cmu-meteor,1,1,2,5,1
Urdu,English,318,ur-en.test,318,A18KPQKAC1S9LU,5,cu-sempos-bleu,8,sheffield-rose,6,nus-tesla-f,4,cmu-meteor,2,cmu-bleu,1,5,1,1,1
Urdu,English,1,ur-en.test,1,A20ATVN6BAIQF0,2,cmu-bleu,9,stanford-dcp,7,rwth-cder,5,cu-sempos-bleu,1,_ref,2,2,2,5,1
Urdu,English,2,ur-en.test,2,A20ATVN6BAIQF0,5,cu-sempos-bleu,2,cmu-bleu,9,stanford-dcp,1,_ref,7,rwth-cder,2,4,4,1,2
Urdu,English,3,ur-en.test,3,A20ATVN6BAIQF0,9,stanford-dcp,7,rwth-cder,2,cmu-bleu,5,cu-sempos-bleu,1,_ref,3,2,5,4,1
Urdu,English,770,ur-en.test,770,A1OKTUHM3YA4N,6,nus-tesla-f,2,cmu-bleu,8,sheffield-rose,5,cu-sempos-bleu,7,rwth-cder,2,1,5,2,3
Urdu,English,771,ur-en.test,771,A1OKTUHM3YA4N,4,cmu-meteor,2,cmu-bleu,6,nus-tesla-f,3,cmu-bleu-single,5,cu-sempos-bleu,5,5,1,5,2
Urdu,English,772,ur-en.test,772,A1OKTUHM3YA4N,4,cmu-meteor,6,nus-tesla-f,1,_ref,2,cmu-bleu,3,cmu-bleu-single,5,5,3,5,5
Urdu,English,310,ur-en.test,310,A18L1QPXVPUFG2,9,stanford-dcp,7,rwth-cder,8,sheffield-rose,6,nus-tesla-f,3,cmu-bleu-single,1,1,5,1,1
Urdu,English,311,ur-en.test,311,A18L1QPXVPUFG2,6,nus-tesla-f,9,stanford-dcp,1,_ref,4,cmu-meteor,5,cu-sempos-bleu,4,3,1,4,3
Urdu,English,312,ur-en.test,312,A18L1QPXVPUFG2,2,cmu-bleu,9,stanford-dcp,4,cmu-meteor,5,cu-sempos-bleu,1,_ref,2,4,2,4,1
Urdu,English,346,ur-en.test,346,A18KPQKAC1S9LU,1,_ref,4,cmu-meteor,8,sheffield-rose,6,nus-tesla-f,9,stanford-dcp,1,2,5,2,2
Urdu,English,347,ur-en.test,347,A18KPQKAC1S9LU,3,cmu-bleu-single,6,nus-tesla-f,2,cmu-bleu,8,sheffield-rose,1,_ref,3,4,2,5,1
Urdu,English,348,ur-en.test,348,A18KPQKAC1S9LU,6,nus-tesla-f,3,cmu-bleu-single,2,cmu-bleu,4,cmu-meteor,8,sheffield-rose,1,2,2,2,5
Urdu,English,770,ur-en.test,770,A1OKTUHM3YA4N,6,nus-tesla-f,3,cmu-bleu-single,1,_ref,2,cmu-bleu,9,stanford-dcp,3,5,1,2,4
Urdu,English,771,ur-en.test,771,A1OKTUHM3YA4N,7,rwth-cder,1,_ref,3,cmu-bleu-single,4,cmu-meteor,5,cu-sempos-bleu,5,1,-1,5,2
Urdu,English,772,ur-en.test,772,A1OKTUHM3YA4N,6,nus-tesla-f,4,cmu-meteor,9,stanford-dcp,5,cu-sempos-bleu,3,cmu-bleu-single,5,-1,5,5,5
Urdu,English,556,ur-en.test,556,A20ATVN6BAIQF0,6,nus-tesla-f,9,stanford-dcp,5,cu-sempos-bleu,3,cmu-bleu-single,1,_ref,3,5,3,2,1
Urdu,English,557,ur-en.test,557,A20ATVN6BAIQF0,9,stanford-dcp,2,cmu-bleu,8,sheffield-rose,4,cmu-meteor,3,cmu-bleu-single,3,4,5,1,1
Urdu,English,558,ur-en.test,558,A20ATVN6BAIQF0,1,_ref,8,sheffield-rose,7,rwth-cder,4,cmu-meteor,5,cu-sempos-bleu,1,5,3,2,4
Urdu,English,301,ur-en.test,301,A3L1TNHRLMPUVO,5,cu-sempos-bleu,3,cmu-bleu-single,6,nus-tesla-f,7,rwth-cder,1,_ref,3,2,4,2,1
Urdu,English,302,ur-en.test,302,A3L1TNHRLMPUVO,7,rwth-cder,8,sheffield-rose,2,cmu-bleu,6,nus-tesla-f,1,_ref,2,4,2,3,-1
Urdu,English,303,ur-en.test,303,A3L1TNHRLMPUVO,2,cmu-bleu,8,sheffield-rose,5,cu-sempos-bleu,6,nus-tesla-f,9,stanford-dcp,2,4,3,1,2
Urdu,English,58,ur-en.test,58,A10P4CWMDQU4WF,8,sheffield-rose,5,cu-sempos-bleu,1,_ref,3,cmu-bleu-single,2,cmu-bleu,5,1,1,1,1
Urdu,English,59,ur-en.test,59,A10P4CWMDQU4WF,4,cmu-meteor,1,_ref,7,rwth-cder,5,cu-sempos-bleu,3,cmu-bleu-single,4,1,5,1,3
Urdu,English,60,ur-en.test,60,A10P4CWMDQU4WF,3,cmu-bleu-single,1,_ref,6,nus-tesla-f,4,cmu-meteor,5,cu-sempos-bleu,5,1,5,2,5
Urdu,English,310,ur-en.test,310,A3L1TNHRLMPUVO,7,rwth-cder,8,sheffield-rose,6,nus-tesla-f,3,cmu-bleu-single,2,cmu-bleu,1,3,1,1,2
Urdu,English,311,ur-en.test,311,A3L1TNHRLMPUVO,9,stanford-dcp,8,sheffield-rose,7,rwth-cder,5,cu-sempos-bleu,3,cmu-bleu-single,2,3,2,1,2
Urdu,English,312,ur-en.test,312,A3L1TNHRLMPUVO,1,_ref,2,cmu-bleu,4,cmu-meteor,6,nus-tesla-f,8,sheffield-rose,1,2,2,3,4
Urdu,English,644,ur-en.test,644,A1V9TOOHDBK2TP,7,rwth-cder,9,stanford-dcp,5,cu-sempos-bleu,1,_ref,2,cmu-bleu,2,2,2,1,2
Urdu,English,645,ur-en.test,645,A1V9TOOHDBK2TP,1,_ref,2,cmu-bleu,7,rwth-cder,8,sheffield-rose,9,stanford-dcp,4,4,4,5,4
Urdu,English,646,ur-en.test,646,A1V9TOOHDBK2TP,8,sheffield-rose,6,nus-tesla-f,1,_ref,9,stanford-dcp,2,cmu-bleu,5,4,3,4,4
Urdu,English,133,ur-en.test,133,A10P4CWMDQU4WF,1,_ref,3,cmu-bleu-single,4,cmu-meteor,6,nus-tesla-f,5,cu-sempos-bleu,1,5,4,4,4
Urdu,English,134,ur-en.test,134,A10P4CWMDQU4WF,4,cmu-meteor,1,_ref,7,rwth-cder,9,stanford-dcp,5,cu-sempos-bleu,5,1,5,5,5
Urdu,English,135,ur-en.test,135,A10P4CWMDQU4WF,7,rwth-cder,2,cmu-bleu,9,stanford-dcp,3,cmu-bleu-single,4,cmu-meteor,5,2,2,2,1
Urdu,English,758,ur-en.test,758,A18KPQKAC1S9LU,6,nus-tesla-f,1,_ref,9,stanford-dcp,5,cu-sempos-bleu,8,sheffield-rose,3,1,2,3,5
Urdu,English,759,ur-en.test,759,A18KPQKAC1S9LU,3,cmu-bleu-single,9,stanford-dcp,8,sheffield-rose,1,_ref,2,cmu-bleu,2,2,5,3,1
Urdu,English,760,ur-en.test,760,A18KPQKAC1S9LU,3,cmu-bleu-single,6,nus-tesla-f,1,_ref,4,cmu-meteor,8,sheffield-rose,1,1,1,1,5
Urdu,English,632,ur-en.test,632,A1OKTUHM3YA4N,2,cmu-bleu,8,sheffield-rose,4,cmu-meteor,9,stanford-dcp,7,rwth-cder,3,5,3,3,3
Urdu,English,633,ur-en.test,633,A1OKTUHM3YA4N,6,nus-tesla-f,3,cmu-bleu-single,8,sheffield-rose,2,cmu-bleu,7,rwth-cder,2,5,5,2,5
Urdu,English,634,ur-en.test,634,A1OKTUHM3YA4N,8,sheffield-rose,7,rwth-cder,6,nus-tesla-f,2,cmu-bleu,4,cmu-meteor,5,1,4,3,2
Urdu,English,316,ur-en.test,316,A9JDSF9W11ULY,4,cmu-meteor,9,stanford-dcp,7,rwth-cder,8,sheffield-rose,2,cmu-bleu,3,3,3,5,1
Urdu,English,317,ur-en.test,317,A9JDSF9W11ULY,8,sheffield-rose,5,cu-sempos-bleu,7,rwth-cder,1,_ref,3,cmu-bleu-single,5,1,2,1,2
Urdu,English,318,ur-en.test,318,A9JDSF9W11ULY,9,stanford-dcp,3,cmu-bleu-single,5,cu-sempos-bleu,6,nus-tesla-f,1,_ref,3,5,3,3,1
Urdu,English,235,ur-en.test,235,A18KPQKAC1S9LU,7,rwth-cder,5,cu-sempos-bleu,1,_ref,8,sheffield-rose,4,cmu-meteor,2,2,1,5,3
Urdu,English,236,ur-en.test,236,A18KPQKAC1S9LU,6,nus-tesla-f,4,cmu-meteor,2,cmu-bleu,7,rwth-cder,9,stanford-dcp,1,2,1,4,3
Urdu,English,237,ur-en.test,237,A18KPQKAC1S9LU,7,rwth-cder,5,cu-sempos-bleu,6,nus-tesla-f,4,cmu-meteor,1,_ref,3,2,4,3,1
Urdu,English,259,ur-en.test,259,A9JDSF9W11ULY,5,cu-sempos-bleu,9,stanford-dcp,2,cmu-bleu,3,cmu-bleu-single,8,sheffield-rose,3,4,2,3,5
Urdu,English,260,ur-en.test,260,A9JDSF9W11ULY,9,stanford-dcp,1,_ref,8,sheffield-rose,4,cmu-meteor,6,nus-tesla-f,4,1,5,3,2
Urdu,English,261,ur-en.test,261,A9JDSF9W11ULY,2,cmu-bleu,4,cmu-meteor,1,_ref,3,cmu-bleu-single,7,rwth-cder,3,3,2,3,3
Urdu,English,776,ur-en.test,776,A9JDSF9W11ULY,7,rwth-cder,1,_ref,3,cmu-bleu-single,4,cmu-meteor,5,cu-sempos-bleu,5,1,5,5,5
Urdu,English,777,ur-en.test,777,A9JDSF9W11ULY,1,_ref,3,cmu-bleu-single,2,cmu-bleu,7,rwth-cder,4,cmu-meteor,5,3,3,5,3
Urdu,English,778,ur-en.test,778,A9JDSF9W11ULY,2,cmu-bleu,3,cmu-bleu-single,6,nus-tesla-f,5,cu-sempos-bleu,4,cmu-meteor,1,1,5,4,1
Urdu,English,310,ur-en.test,310,A18KPQKAC1S9LU,2,cmu-bleu,9,stanford-dcp,5,cu-sempos-bleu,3,cmu-bleu-single,7,rwth-cder,3,1,2,1,1
Urdu,English,311,ur-en.test,311,A18KPQKAC1S9LU,9,stanford-dcp,4,cmu-meteor,6,nus-tesla-f,3,cmu-bleu-single,8,sheffield-rose,3,2,1,3,5
Urdu,English,312,ur-en.test,312,A18KPQKAC1S9LU,1,_ref,3,cmu-bleu-single,2,cmu-bleu,8,sheffield-rose,4,cmu-meteor,1,4,2,5,2
Urdu,English,346,ur-en.test,346,A18KPQKAC1S9LU,2,cmu-bleu,4,cmu-meteor,8,sheffield-rose,6,nus-tesla-f,9,stanford-dcp,3,3,5,3,2
Urdu,English,347,ur-en.test,347,A18KPQKAC1S9LU,6,nus-tesla-f,4,cmu-meteor,9,stanford-dcp,2,cmu-bleu,3,cmu-bleu-single,4,2,2,2,3
Urdu,English,348,ur-en.test,348,A18KPQKAC1S9LU,4,cmu-meteor,9,stanford-dcp,3,cmu-bleu-single,1,_ref,5,cu-sempos-bleu,2,3,2,1,2
Urdu,English,499,ur-en.test,499,A9JDSF9W11ULY,6,nus-tesla-f,7,rwth-cder,2,cmu-bleu,8,sheffield-rose,9,stanford-dcp,3,3,3,5,3
Urdu,English,500,ur-en.test,500,A9JDSF9W11ULY,8,sheffield-rose,4,cmu-meteor,7,rwth-cder,1,_ref,6,nus-tesla-f,5,2,3,1,4
Urdu,English,501,ur-en.test,501,A9JDSF9W11ULY,3,cmu-bleu-single,7,rwth-cder,2,cmu-bleu,5,cu-sempos-bleu,6,nus-tesla-f,5,5,4,5,3
Urdu,English,307,ur-en.test,307,A9JDSF9W11ULY,1,_ref,2,cmu-bleu,5,cu-sempos-bleu,7,rwth-cder,4,cmu-meteor,1,5,2,5,5
Urdu,English,308,ur-en.test,308,A9JDSF9W11ULY,3,cmu-bleu-single,7,rwth-cder,6,nus-tesla-f,2,cmu-bleu,4,cmu-meteor,3,3,3,3,3
Urdu,English,309,ur-en.test,309,A9JDSF9W11ULY,1,_ref,8,sheffield-rose,7,rwth-cder,5,cu-sempos-bleu,9,stanford-dcp,2,5,4,4,2
Urdu,English,758,ur-en.test,758,A18KPQKAC1S9LU,8,sheffield-rose,3,cmu-bleu-single,9,stanford-dcp,6,nus-tesla-f,4,cmu-meteor,5,2,2,2,2
Urdu,English,759,ur-en.test,759,A18KPQKAC1S9LU,4,cmu-meteor,2,cmu-bleu,9,stanford-dcp,1,_ref,7,rwth-cder,2,2,3,5,1
Urdu,English,760,ur-en.test,760,A18KPQKAC1S9LU,4,cmu-meteor,6,nus-tesla-f,5,cu-sempos-bleu,2,cmu-bleu,1,_ref,3,3,3,4,2
Urdu,English,235,ur-en.test,235,A9JDSF9W11ULY,9,stanford-dcp,4,cmu-meteor,5,cu-sempos-bleu,1,_ref,3,cmu-bleu-single,2,5,3,1,2
Urdu,English,236,ur-en.test,236,A9JDSF9W11ULY,6,nus-tesla-f,7,rwth-cder,1,_ref,4,cmu-meteor,9,stanford-dcp,4,3,1,3,3
Urdu,English,237,ur-en.test,237,A9JDSF9W11ULY,6,nus-tesla-f,5,cu-sempos-bleu,7,rwth-cder,8,sheffield-rose,2,cmu-bleu,3,3,3,5,3
Urdu,English,611,ur-en.test,611,A9JDSF9W11ULY,2,cmu-bleu,7,rwth-cder,3,cmu-bleu-single,1,_ref,5,cu-sempos-bleu,2,4,4,1,5
Urdu,English,612,ur-en.test,612,A9JDSF9W11ULY,5,cu-sempos-bleu,7,rwth-cder,9,stanford-dcp,4,cmu-meteor,3,cmu-bleu-single,5,3,1,4,1
Urdu,English,613,ur-en.test,613,A9JDSF9W11ULY,1,_ref,6,nus-tesla-f,8,sheffield-rose,5,cu-sempos-bleu,3,cmu-bleu-single,4,3,5,3,3
Urdu,English,121,ur-en.test,121,A18KPQKAC1S9LU,7,rwth-cder,8,sheffield-rose,2,cmu-bleu,4,cmu-meteor,1,_ref,3,5,2,2,1
Urdu,English,122,ur-en.test,122,A18KPQKAC1S9LU,1,_ref,2,cmu-bleu,9,stanford-dcp,5,cu-sempos-bleu,4,cmu-meteor,1,4,2,3,4
Urdu,English,123,ur-en.test,123,A18KPQKAC1S9LU,6,nus-tesla-f,5,cu-sempos-bleu,2,cmu-bleu,7,rwth-cder,1,_ref,1,3,2,-1,-1
Urdu,English,241,ur-en.test,241,A18KPQKAC1S9LU,9,stanford-dcp,6,nus-tesla-f,3,cmu-bleu-single,4,cmu-meteor,8,sheffield-rose,2,1,2,2,5
Urdu,English,242,ur-en.test,242,A18KPQKAC1S9LU,1,_ref,3,cmu-bleu-single,9,stanford-dcp,2,cmu-bleu,4,cmu-meteor,3,2,4,2,2
Urdu,English,243,ur-en.test,243,A18KPQKAC1S9LU,5,cu-sempos-bleu,4,cmu-meteor,7,rwth-cder,3,cmu-bleu-single,6,nus-tesla-f,3,3,3,3,3
Urdu,English,559,ur-en.test,559,A1OKTUHM3YA4N,6,nus-tesla-f,1,_ref,5,cu-sempos-bleu,3,cmu-bleu-single,8,sheffield-rose,4,1,2,3,5
Urdu,English,560,ur-en.test,560,A1OKTUHM3YA4N,6,nus-tesla-f,3,cmu-bleu-single,5,cu-sempos-bleu,1,_ref,8,sheffield-rose,5,5,5,1,5
Urdu,English,561,ur-en.test,561,A1OKTUHM3YA4N,3,cmu-bleu-single,5,cu-sempos-bleu,8,sheffield-rose,9,stanford-dcp,2,cmu-bleu,3,4,5,2,1
Urdu,English,58,ur-en.test,58,A18KPQKAC1S9LU,3,cmu-bleu-single,6,nus-tesla-f,9,stanford-dcp,7,rwth-cder,8,sheffield-rose,1,1,1,1,5
Urdu,English,59,ur-en.test,59,A18KPQKAC1S9LU,7,rwth-cder,3,cmu-bleu-single,6,nus-tesla-f,9,stanford-dcp,8,sheffield-rose,2,2,1,1,5
Urdu,English,60,ur-en.test,60,A18KPQKAC1S9LU,4,cmu-meteor,5,cu-sempos-bleu,3,cmu-bleu-single,1,_ref,6,nus-tesla-f,3,4,3,1,4
Urdu,English,463,ur-en.test,463,A18KPQKAC1S9LU,3,cmu-bleu-single,9,stanford-dcp,2,cmu-bleu,8,sheffield-rose,1,_ref,3,2,3,5,1
Urdu,English,464,ur-en.test,464,A18KPQKAC1S9LU,7,rwth-cder,6,nus-tesla-f,5,cu-sempos-bleu,9,stanford-dcp,3,cmu-bleu-single,2,3,4,1,4
Urdu,English,465,ur-en.test,465,A18KPQKAC1S9LU,9,stanford-dcp,6,nus-tesla-f,2,cmu-bleu,3,cmu-bleu-single,8,sheffield-rose,1,3,2,1,5
Urdu,English,259,ur-en.test,259,A18KPQKAC1S9LU,9,stanford-dcp,6,nus-tesla-f,5,cu-sempos-bleu,1,_ref,3,cmu-bleu-single,4,3,3,2,5
Urdu,English,260,ur-en.test,260,A18KPQKAC1S9LU,5,cu-sempos-bleu,6,nus-tesla-f,8,sheffield-rose,1,_ref,7,rwth-cder,2,3,5,1,4
Urdu,English,261,ur-en.test,261,A18KPQKAC1S9LU,8,sheffield-rose,3,cmu-bleu-single,1,_ref,6,nus-tesla-f,7,rwth-cder,5,2,4,3,1
Urdu,English,301,ur-en.test,301,A18KPQKAC1S9LU,1,_ref,8,sheffield-rose,3,cmu-bleu-single,5,cu-sempos-bleu,2,cmu-bleu,1,5,3,3,3
Urdu,English,302,ur-en.test,302,A18KPQKAC1S9LU,3,cmu-bleu-single,4,cmu-meteor,9,stanford-dcp,7,rwth-cder,6,nus-tesla-f,4,4,4,4,4
Urdu,English,303,ur-en.test,303,A18KPQKAC1S9LU,4,cmu-meteor,2,cmu-bleu,3,cmu-bleu-single,5,cu-sempos-bleu,6,nus-tesla-f,3,3,3,4,2
Urdu,English,232,ur-en.test,232,A18KPQKAC1S9LU,4,cmu-meteor,2,cmu-bleu,3,cmu-bleu-single,8,sheffield-rose,6,nus-tesla-f,2,2,2,5,2
Urdu,English,233,ur-en.test,233,A18KPQKAC1S9LU,7,rwth-cder,2,cmu-bleu,9,stanford-dcp,3,cmu-bleu-single,8,sheffield-rose,2,2,2,2,5
Urdu,English,234,ur-en.test,234,A18KPQKAC1S9LU,7,rwth-cder,1,_ref,6,nus-tesla-f,4,cmu-meteor,8,sheffield-rose,2,1,2,2,5
Urdu,English,611,ur-en.test,611,A18KPQKAC1S9LU,2,cmu-bleu,7,rwth-cder,3,cmu-bleu-single,1,_ref,5,cu-sempos-bleu,3,5,2,1,4
Urdu,English,612,ur-en.test,612,A18KPQKAC1S9LU,5,cu-sempos-bleu,7,rwth-cder,9,stanford-dcp,4,cmu-meteor,3,cmu-bleu-single,4,2,1,2,1
Urdu,English,613,ur-en.test,613,A18KPQKAC1S9LU,1,_ref,6,nus-tesla-f,8,sheffield-rose,5,cu-sempos-bleu,3,cmu-bleu-single,4,4,5,3,2
Urdu,English,776,ur-en.test,776,A1OKTUHM3YA4N,2,cmu-bleu,5,cu-sempos-bleu,6,nus-tesla-f,4,cmu-meteor,3,cmu-bleu-single,5,5,5,5,5
Urdu,English,777,ur-en.test,777,A1OKTUHM3YA4N,9,stanford-dcp,6,nus-tesla-f,4,cmu-meteor,7,rwth-cder,3,cmu-bleu-single,4,5,5,4,5
Urdu,English,778,ur-en.test,778,A1OKTUHM3YA4N,7,rwth-cder,1,_ref,8,sheffield-rose,6,nus-tesla-f,3,cmu-bleu-single,2,3,5,4,1
Urdu,English,644,ur-en.test,644,A1OKTUHM3YA4N,5,cu-sempos-bleu,4,cmu-meteor,7,rwth-cder,9,stanford-dcp,1,_ref,2,2,2,2,1
Urdu,English,645,ur-en.test,645,A1OKTUHM3YA4N,9,stanford-dcp,5,cu-sempos-bleu,8,sheffield-rose,6,nus-tesla-f,7,rwth-cder,3,1,5,4,2
Urdu,English,646,ur-en.test,646,A1OKTUHM3YA4N,9,stanford-dcp,5,cu-sempos-bleu,1,_ref,8,sheffield-rose,2,cmu-bleu,1,2,3,5,1
Urdu,English,346,ur-en.test,346,A18KPQKAC1S9LU,7,rwth-cder,9,stanford-dcp,1,_ref,4,cmu-meteor,6,nus-tesla-f,2,2,1,2,2
Urdu,English,347,ur-en.test,347,A18KPQKAC1S9LU,5,cu-sempos-bleu,6,nus-tesla-f,3,cmu-bleu-single,2,cmu-bleu,1,_ref,4,5,4,3,1
Urdu,English,348,ur-en.test,348,A18KPQKAC1S9LU,7,rwth-cder,1,_ref,6,nus-tesla-f,2,cmu-bleu,3,cmu-bleu-single,3,1,5,3,3
Urdu,English,671,ur-en.test,671,A18KPQKAC1S9LU,1,_ref,9,stanford-dcp,2,cmu-bleu,6,nus-tesla-f,4,cmu-meteor,1,3,2,2,2
Urdu,English,672,ur-en.test,672,A18KPQKAC1S9LU,9,stanford-dcp,8,sheffield-rose,7,rwth-cder,6,nus-tesla-f,3,cmu-bleu-single,3,5,3,3,3
Urdu,English,673,ur-en.test,673,A18KPQKAC1S9LU,2,cmu-bleu,9,stanford-dcp,5,cu-sempos-bleu,8,sheffield-rose,7,rwth-cder,2,3,4,5,3
Urdu,English,232,ur-en.test,232,A18KPQKAC1S9LU,3,cmu-bleu-single,5,cu-sempos-bleu,1,_ref,4,cmu-meteor,2,cmu-bleu,2,2,1,2,2
Urdu,English,233,ur-en.test,233,A18KPQKAC1S9LU,8,sheffield-rose,1,_ref,7,rwth-cder,4,cmu-meteor,6,nus-tesla-f,5,4,3,3,3
Urdu,English,234,ur-en.test,234,A18KPQKAC1S9LU,7,rwth-cder,2,cmu-bleu,1,_ref,4,cmu-meteor,5,cu-sempos-bleu,3,3,1,3,2
Urdu,English,130,ur-en.test,130,A18KPQKAC1S9LU,9,stanford-dcp,4,cmu-meteor,6,nus-tesla-f,3,cmu-bleu-single,7,rwth-cder,3,4,3,3,3
Urdu,English,131,ur-en.test,131,A18KPQKAC1S9LU,5,cu-sempos-bleu,4,cmu-meteor,8,sheffield-rose,3,cmu-bleu-single,1,_ref,3,2,5,3,1
Urdu,English,132,ur-en.test,132,A18KPQKAC1S9LU,3,cmu-bleu-single,6,nus-tesla-f,5,cu-sempos-bleu,2,cmu-bleu,7,rwth-cder,2,2,2,2,3
Urdu,English,463,ur-en.test,463,A1OKTUHM3YA4N,3,cmu-bleu-single,9,stanford-dcp,2,cmu-bleu,8,sheffield-rose,1,_ref,-1,2,3,5,1
Urdu,English,464,ur-en.test,464,A1OKTUHM3YA4N,7,rwth-cder,6,nus-tesla-f,5,cu-sempos-bleu,9,stanford-dcp,3,cmu-bleu-single,4,3,5,5,5
Urdu,English,465,ur-en.test,465,A1OKTUHM3YA4N,9,stanford-dcp,6,nus-tesla-f,2,cmu-bleu,3,cmu-bleu-single,8,sheffield-rose,1,4,3,2,5
Urdu,English,776,ur-en.test,776,A1OKTUHM3YA4N,1,_ref,4,cmu-meteor,7,rwth-cder,8,sheffield-rose,5,cu-sempos-bleu,4,3,3,5,3
Urdu,English,777,ur-en.test,777,A1OKTUHM3YA4N,6,nus-tesla-f,4,cmu-meteor,8,sheffield-rose,9,stanford-dcp,1,_ref,5,5,5,5,2
Urdu,English,778,ur-en.test,778,A1OKTUHM3YA4N,4,cmu-meteor,1,_ref,9,stanford-dcp,5,cu-sempos-bleu,3,cmu-bleu-single,1,4,3,5,2
Urdu,English,556,ur-en.test,556,A1OKTUHM3YA4N,8,sheffield-rose,7,rwth-cder,4,cmu-meteor,3,cmu-bleu-single,9,stanford-dcp,5,4,4,4,4
Urdu,English,557,ur-en.test,557,A1OKTUHM3YA4N,8,sheffield-rose,9,stanford-dcp,6,nus-tesla-f,3,cmu-bleu-single,4,cmu-meteor,5,4,3,3,3
Urdu,English,558,ur-en.test,558,A1OKTUHM3YA4N,7,rwth-cder,5,cu-sempos-bleu,8,sheffield-rose,3,cmu-bleu-single,1,_ref,3,3,5,3,2
Urdu,English,301,ur-en.test,301,A18KPQKAC1S9LU,8,sheffield-rose,1,_ref,9,stanford-dcp,4,cmu-meteor,3,cmu-bleu-single,5,1,4,3,2
Urdu,English,302,ur-en.test,302,A18KPQKAC1S9LU,4,cmu-meteor,9,stanford-dcp,5,cu-sempos-bleu,6,nus-tesla-f,7,rwth-cder,1,1,1,1,1
Urdu,English,303,ur-en.test,303,A18KPQKAC1S9LU,7,rwth-cder,8,sheffield-rose,4,cmu-meteor,2,cmu-bleu,5,cu-sempos-bleu,1,5,1,1,2
Urdu,English,632,ur-en.test,632,A1OKTUHM3YA4N,2,cmu-bleu,8,sheffield-rose,4,cmu-meteor,9,stanford-dcp,7,rwth-cder,4,5,4,4,4
Urdu,English,633,ur-en.test,633,A1OKTUHM3YA4N,6,nus-tesla-f,3,cmu-bleu-single,8,sheffield-rose,2,cmu-bleu,7,rwth-cder,4,5,5,4,5
Urdu,English,634,ur-en.test,634,A1OKTUHM3YA4N,8,sheffield-rose,7,rwth-cder,6,nus-tesla-f,2,cmu-bleu,4,cmu-meteor,5,2,4,3,1
Urdu,English,644,ur-en.test,644,A18KPQKAC1S9LU,7,rwth-cder,4,cmu-meteor,9,stanford-dcp,1,_ref,5,cu-sempos-bleu,2,2,2,1,2
Urdu,English,645,ur-en.test,645,A18KPQKAC1S9LU,5,cu-sempos-bleu,9,stanford-dcp,4,cmu-meteor,2,cmu-bleu,3,cmu-bleu-single,2,5,5,1,3
Urdu,English,646,ur-en.test,646,A18KPQKAC1S9LU,8,sheffield-rose,4,cmu-meteor,5,cu-sempos-bleu,3,cmu-bleu-single,6,nus-tesla-f,5,3,3,3,3
Urdu,English,611,ur-en.test,611,A1OKTUHM3YA4N,5,cu-sempos-bleu,1,_ref,7,rwth-cder,9,stanford-dcp,6,nus-tesla-f,3,5,1,2,4
Urdu,English,612,ur-en.test,612,A1OKTUHM3YA4N,8,sheffield-rose,5,cu-sempos-bleu,1,_ref,6,nus-tesla-f,7,rwth-cder,5,2,1,3,2
Urdu,English,613,ur-en.test,613,A1OKTUHM3YA4N,3,cmu-bleu-single,2,cmu-bleu,1,_ref,9,stanford-dcp,6,nus-tesla-f,3,2,5,1,4
Urdu,English,244,ur-en.test,244,A18KPQKAC1S9LU,3,cmu-bleu-single,8,sheffield-rose,4,cmu-meteor,2,cmu-bleu,1,_ref,2,5,3,3,1
Urdu,English,245,ur-en.test,245,A18KPQKAC1S9LU,5,cu-sempos-bleu,1,_ref,4,cmu-meteor,6,nus-tesla-f,9,stanford-dcp,2,1,2,5,2
Urdu,English,246,ur-en.test,246,A18KPQKAC1S9LU,4,cmu-meteor,8,sheffield-rose,1,_ref,7,rwth-cder,5,cu-sempos-bleu,4,5,1,3,1
Urdu,English,559,ur-en.test,559,A1OKTUHM3YA4N,7,rwth-cder,4,cmu-meteor,5,cu-sempos-bleu,3,cmu-bleu-single,1,_ref,5,5,5,5,4
Urdu,English,560,ur-en.test,560,A1OKTUHM3YA4N,9,stanford-dcp,4,cmu-meteor,5,cu-sempos-bleu,7,rwth-cder,3,cmu-bleu-single,5,5,5,5,5
Urdu,English,561,ur-en.test,561,A1OKTUHM3YA4N,8,sheffield-rose,9,stanford-dcp,5,cu-sempos-bleu,1,_ref,4,cmu-meteor,5,4,2,3,1
Urdu,English,133,ur-en.test,133,A1OKTUHM3YA4N,7,rwth-cder,4,cmu-meteor,1,_ref,9,stanford-dcp,6,nus-tesla-f,3,2,1,5,4
Urdu,English,134,ur-en.test,134,A1OKTUHM3YA4N,9,stanford-dcp,4,cmu-meteor,8,sheffield-rose,6,nus-tesla-f,1,_ref,2,3,5,4,1
Urdu,English,135,ur-en.test,135,A1OKTUHM3YA4N,7,rwth-cder,9,stanford-dcp,6,nus-tesla-f,4,cmu-meteor,5,cu-sempos-bleu,3,4,5,2,1
Urdu,English,484,ur-en.test,484,A18KPQKAC1S9LU,3,cmu-bleu-single,1,_ref,4,cmu-meteor,2,cmu-bleu,8,sheffield-rose,3,1,4,4,5
Urdu,English,485,ur-en.test,485,A18KPQKAC1S9LU,2,cmu-bleu,1,_ref,6,nus-tesla-f,3,cmu-bleu-single,7,rwth-cder,3,1,4,5,5
Urdu,English,486,ur-en.test,486,A18KPQKAC1S9LU,9,stanford-dcp,1,_ref,6,nus-tesla-f,3,cmu-bleu-single,7,rwth-cder,4,1,3,4,4
Urdu,English,244,ur-en.test,244,A9JDSF9W11ULY,8,sheffield-rose,2,cmu-bleu,1,_ref,4,cmu-meteor,7,rwth-cder,5,3,1,3,1
Urdu,English,245,ur-en.test,245,A9JDSF9W11ULY,3,cmu-bleu-single,9,stanford-dcp,4,cmu-meteor,5,cu-sempos-bleu,1,_ref,4,4,4,2,1
Urdu,English,246,ur-en.test,246,A9JDSF9W11ULY,3,cmu-bleu-single,6,nus-tesla-f,2,cmu-bleu,1,_ref,7,rwth-cder,3,4,2,1,3
Urdu,English,130,ur-en.test,130,A18KPQKAC1S9LU,8,sheffield-rose,7,rwth-cder,1,_ref,6,nus-tesla-f,3,cmu-bleu-single,5,2,1,2,2
Urdu,English,131,ur-en.test,131,A18KPQKAC1S9LU,5,cu-sempos-bleu,1,_ref,3,cmu-bleu-single,4,cmu-meteor,8,sheffield-rose,2,1,3,3,-1
Urdu,English,132,ur-en.test,132,A18KPQKAC1S9LU,9,stanford-dcp,5,cu-sempos-bleu,2,cmu-bleu,1,_ref,6,nus-tesla-f,2,2,2,1,2
Urdu,English,632,ur-en.test,632,A9JDSF9W11ULY,5,cu-sempos-bleu,7,rwth-cder,2,cmu-bleu,4,cmu-meteor,9,stanford-dcp,2,4,4,4,4
Urdu,English,633,ur-en.test,633,A9JDSF9W11ULY,8,sheffield-rose,7,rwth-cder,9,stanford-dcp,1,_ref,6,nus-tesla-f,5,4,4,1,2
Urdu,English,634,ur-en.test,634,A9JDSF9W11ULY,1,_ref,8,sheffield-rose,4,cmu-meteor,6,nus-tesla-f,7,rwth-cder,2,5,1,3,4
Urdu,English,770,ur-en.test,770,A9JDSF9W11ULY,7,rwth-cder,8,sheffield-rose,9,stanford-dcp,1,_ref,2,cmu-bleu,4,5,-1,4,3
Urdu,English,771,ur-en.test,771,A9JDSF9W11ULY,9,stanford-dcp,4,cmu-meteor,1,_ref,7,rwth-cder,8,sheffield-rose,2,4,1,4,5
Urdu,English,772,ur-en.test,772,A9JDSF9W11ULY,7,rwth-cder,6,nus-tesla-f,1,_ref,4,cmu-meteor,9,stanford-dcp,4,4,2,4,4
Urdu,English,556,ur-en.test,556,A9JDSF9W11ULY,2,cmu-bleu,6,nus-tesla-f,7,rwth-cder,3,cmu-bleu-single,9,stanford-dcp,4,4,5,4,5
Urdu,English,557,ur-en.test,557,A9JDSF9W11ULY,5,cu-sempos-bleu,6,nus-tesla-f,9,stanford-dcp,7,rwth-cder,4,cmu-meteor,4,4,5,4,4
Urdu,English,558,ur-en.test,558,A9JDSF9W11ULY,1,_ref,9,stanford-dcp,7,rwth-cder,2,cmu-bleu,5,cu-sempos-bleu,1,3,3,3,5
Urdu,English,133,ur-en.test,133,A9JDSF9W11ULY,2,cmu-bleu,3,cmu-bleu-single,5,cu-sempos-bleu,7,rwth-cder,4,cmu-meteor,3,2,4,2,3
Urdu,English,134,ur-en.test,134,A9JDSF9W11ULY,3,cmu-bleu-single,4,cmu-meteor,2,cmu-bleu,8,sheffield-rose,9,stanford-dcp,3,3,2,5,2
Urdu,English,135,ur-en.test,135,A9JDSF9W11ULY,6,nus-tesla-f,9,stanford-dcp,1,_ref,3,cmu-bleu-single,2,cmu-bleu,4,3,1,3,3
Urdu,English,773,ur-en.test,773,A9JDSF9W11ULY,6,nus-tesla-f,8,sheffield-rose,3,cmu-bleu-single,4,cmu-meteor,5,cu-sempos-bleu,3,5,4,4,3
Urdu,English,774,ur-en.test,774,A9JDSF9W11ULY,5,cu-sempos-bleu,8,sheffield-rose,9,stanford-dcp,1,_ref,4,cmu-meteor,3,5,3,4,3
Urdu,English,775,ur-en.test,775,A9JDSF9W11ULY,5,cu-sempos-bleu,2,cmu-bleu,1,_ref,8,sheffield-rose,7,rwth-cder,3,3,1,5,3
Urdu,English,773,ur-en.test,773,A9JDSF9W11ULY,5,cu-sempos-bleu,9,stanford-dcp,4,cmu-meteor,1,_ref,8,sheffield-rose,4,4,4,3,5
Urdu,English,774,ur-en.test,774,A9JDSF9W11ULY,5,cu-sempos-bleu,7,rwth-cder,4,cmu-meteor,1,_ref,8,sheffield-rose,4,4,4,3,5
Urdu,English,775,ur-en.test,775,A9JDSF9W11ULY,4,cmu-meteor,5,cu-sempos-bleu,1,_ref,7,rwth-cder,9,stanford-dcp,4,5,1,5,5
Urdu,English,190,ur-en.test,190,A9JDSF9W11ULY,3,cmu-bleu-single,4,cmu-meteor,2,cmu-bleu,5,cu-sempos-bleu,9,stanford-dcp,2,2,5,4,4
Urdu,English,191,ur-en.test,191,A9JDSF9W11ULY,4,cmu-meteor,7,rwth-cder,9,stanford-dcp,5,cu-sempos-bleu,2,cmu-bleu,2,5,4,4,4
Urdu,English,192,ur-en.test,192,A9JDSF9W11ULY,7,rwth-cder,5,cu-sempos-bleu,9,stanford-dcp,8,sheffield-rose,4,cmu-meteor,3,3,3,5,3
Urdu,English,307,ur-en.test,307,A9JDSF9W11ULY,4,cmu-meteor,3,cmu-bleu-single,5,cu-sempos-bleu,9,stanford-dcp,2,cmu-bleu,3,3,1,3,3
Urdu,English,308,ur-en.test,308,A9JDSF9W11ULY,2,cmu-bleu,7,rwth-cder,6,nus-tesla-f,4,cmu-meteor,9,stanford-dcp,3,3,3,3,3
Urdu,English,309,ur-en.test,309,A9JDSF9W11ULY,3,cmu-bleu-single,4,cmu-meteor,5,cu-sempos-bleu,9,stanford-dcp,7,rwth-cder,3,3,4,2,5
Urdu,English,130,ur-en.test,130,A9JDSF9W11ULY,9,stanford-dcp,5,cu-sempos-bleu,2,cmu-bleu,6,nus-tesla-f,3,cmu-bleu-single,2,3,3,3,2
Urdu,English,131,ur-en.test,131,A9JDSF9W11ULY,2,cmu-bleu,9,stanford-dcp,8,sheffield-rose,1,_ref,3,cmu-bleu-single,3,3,5,1,2
Urdu,English,132,ur-en.test,132,A9JDSF9W11ULY,6,nus-tesla-f,7,rwth-cder,1,_ref,5,cu-sempos-bleu,9,stanford-dcp,2,5,1,3,5
Urdu,English,241,ur-en.test,241,A9JDSF9W11ULY,3,cmu-bleu-single,1,_ref,4,cmu-meteor,8,sheffield-rose,9,stanford-dcp,3,1,3,5,3
Urdu,English,242,ur-en.test,242,A9JDSF9W11ULY,7,rwth-cder,5,cu-sempos-bleu,1,_ref,9,stanford-dcp,2,cmu-bleu,2,2,3,4,2
Urdu,English,243,ur-en.test,243,A9JDSF9W11ULY,6,nus-tesla-f,7,rwth-cder,8,sheffield-rose,5,cu-sempos-bleu,4,cmu-meteor,4,3,5,3,3
Urdu,English,556,ur-en.test,556,A18KPQKAC1S9LU,8,sheffield-rose,7,rwth-cder,4,cmu-meteor,3,cmu-bleu-single,9,stanford-dcp,5,2,2,2,2
Urdu,English,557,ur-en.test,557,A18KPQKAC1S9LU,8,sheffield-rose,9,stanford-dcp,6,nus-tesla-f,3,cmu-bleu-single,4,cmu-meteor,5,2,1,1,1
Urdu,English,558,ur-en.test,558,A18KPQKAC1S9LU,7,rwth-cder,5,cu-sempos-bleu,8,sheffield-rose,3,cmu-bleu-single,1,_ref,3,3,5,3,1
Urdu,English,773,ur-en.test,773,A18KPQKAC1S9LU,4,cmu-meteor,3,cmu-bleu-single,1,_ref,9,stanford-dcp,5,cu-sempos-bleu,3,3,1,4,4
Urdu,English,774,ur-en.test,774,A18KPQKAC1S9LU,8,sheffield-rose,1,_ref,9,stanford-dcp,6,nus-tesla-f,7,rwth-cder,5,1,2,2,3
Urdu,English,775,ur-en.test,775,A18KPQKAC1S9LU,4,cmu-meteor,2,cmu-bleu,1,_ref,5,cu-sempos-bleu,3,cmu-bleu-single,2,2,1,2,2
Urdu,English,190,ur-en.test,190,A18KPQKAC1S9LU,3,cmu-bleu-single,4,cmu-meteor,6,nus-tesla-f,5,cu-sempos-bleu,2,cmu-bleu,1,1,1,1,1
Urdu,English,191,ur-en.test,191,A18KPQKAC1S9LU,4,cmu-meteor,8,sheffield-rose,2,cmu-bleu,7,rwth-cder,9,stanford-dcp,1,5,2,2,2
Urdu,English,192,ur-en.test,192,A18KPQKAC1S9LU,2,cmu-bleu,5,cu-sempos-bleu,6,nus-tesla-f,7,rwth-cder,3,cmu-bleu-single,3,2,4,3,4
Urdu,English,710,ur-en.test,710,A9JDSF9W11ULY,5,cu-sempos-bleu,6,nus-tesla-f,8,sheffield-rose,7,rwth-cder,2,cmu-bleu,4,4,5,4,4
Urdu,English,711,ur-en.test,711,A9JDSF9W11ULY,4,cmu-meteor,3,cmu-bleu-single,1,_ref,7,rwth-cder,6,nus-tesla-f,4,3,1,4,5
Urdu,English,712,ur-en.test,712,A9JDSF9W11ULY,3,cmu-bleu-single,2,cmu-bleu,5,cu-sempos-bleu,6,nus-tesla-f,9,stanford-dcp,5,5,5,5,5
Urdu,English,121,ur-en.test,121,A9JDSF9W11ULY,9,stanford-dcp,8,sheffield-rose,3,cmu-bleu-single,7,rwth-cder,6,nus-tesla-f,3,5,2,3,2
Urdu,English,122,ur-en.test,122,A9JDSF9W11ULY,5,cu-sempos-bleu,2,cmu-bleu,7,rwth-cder,1,_ref,6,nus-tesla-f,3,2,3,1,2
Urdu,English,123,ur-en.test,123,A9JDSF9W11ULY,6,nus-tesla-f,5,cu-sempos-bleu,3,cmu-bleu-single,9,stanford-dcp,7,rwth-cder,3,3,3,3,-1
Urdu,English,671,ur-en.test,671,A9JDSF9W11ULY,8,sheffield-rose,2,cmu-bleu,6,nus-tesla-f,7,rwth-cder,3,cmu-bleu-single,5,2,2,4,4
Urdu,English,672,ur-en.test,672,A9JDSF9W11ULY,4,cmu-meteor,3,cmu-bleu-single,7,rwth-cder,2,cmu-bleu,1,_ref,5,5,5,5,1
Urdu,English,673,ur-en.test,673,A9JDSF9W11ULY,5,cu-sempos-bleu,8,sheffield-rose,9,stanford-dcp,2,cmu-bleu,3,cmu-bleu-single,4,5,3,2,2
Urdu,English,190,ur-en.test,190,A9JDSF9W11ULY,6,nus-tesla-f,8,sheffield-rose,4,cmu-meteor,9,stanford-dcp,3,cmu-bleu-single,3,5,3,3,3
Urdu,English,191,ur-en.test,191,A9JDSF9W11ULY,3,cmu-bleu-single,5,cu-sempos-bleu,4,cmu-meteor,6,nus-tesla-f,1,_ref,4,4,2,4,1
Urdu,English,192,ur-en.test,192,A9JDSF9W11ULY,7,rwth-cder,2,cmu-bleu,9,stanford-dcp,5,cu-sempos-bleu,3,cmu-bleu-single,4,4,4,4,4
Urdu,English,463,ur-en.test,463,A9JDSF9W11ULY,4,cmu-meteor,3,cmu-bleu-single,8,sheffield-rose,7,rwth-cder,9,stanford-dcp,2,2,5,1,1
Urdu,English,464,ur-en.test,464,A9JDSF9W11ULY,5,cu-sempos-bleu,3,cmu-bleu-single,7,rwth-cder,1,_ref,4,cmu-meteor,4,4,2,1,4
Urdu,English,465,ur-en.test,465,A9JDSF9W11ULY,6,nus-tesla-f,2,cmu-bleu,9,stanford-dcp,4,cmu-meteor,3,cmu-bleu-single,2,3,1,3,1
Urdu,English,244,ur-en.test,244,A9JDSF9W11ULY,8,sheffield-rose,9,stanford-dcp,3,cmu-bleu-single,5,cu-sempos-bleu,1,_ref,5,1,3,4,2
Urdu,English,245,ur-en.test,245,A9JDSF9W11ULY,7,rwth-cder,3,cmu-bleu-single,8,sheffield-rose,4,cmu-meteor,5,cu-sempos-bleu,2,2,5,3,3
Urdu,English,246,ur-en.test,246,A9JDSF9W11ULY,9,stanford-dcp,3,cmu-bleu-single,4,cmu-meteor,7,rwth-cder,2,cmu-bleu,3,3,3,3,1
Urdu,English,241,ur-en.test,241,A9JDSF9W11ULY,3,cmu-bleu-single,7,rwth-cder,4,cmu-meteor,1,_ref,6,nus-tesla-f,3,3,4,1,5
Urdu,English,242,ur-en.test,242,A9JDSF9W11ULY,2,cmu-bleu,9,stanford-dcp,7,rwth-cder,6,nus-tesla-f,4,cmu-meteor,1,5,1,2,1
Urdu,English,243,ur-en.test,243,A9JDSF9W11ULY,2,cmu-bleu,1,_ref,8,sheffield-rose,4,cmu-meteor,9,stanford-dcp,3,1,5,2,3
Urdu,English,484,ur-en.test,484,A18KPQKAC1S9LU,9,stanford-dcp,7,rwth-cder,8,sheffield-rose,5,cu-sempos-bleu,4,cmu-meteor,1,3,5,2,3
Urdu,English,485,ur-en.test,485,A18KPQKAC1S9LU,3,cmu-bleu-single,9,stanford-dcp,4,cmu-meteor,2,cmu-bleu,1,_ref,3,4,3,3,1
Urdu,English,486,ur-en.test,486,A18KPQKAC1S9LU,1,_ref,5,cu-sempos-bleu,6,nus-tesla-f,9,stanford-dcp,7,rwth-cder,1,2,2,2,2
Urdu,English,559,ur-en.test,559,A18KPQKAC1S9LU,7,rwth-cder,4,cmu-meteor,5,cu-sempos-bleu,3,cmu-bleu-single,1,_ref,2,2,2,2,1
Urdu,English,560,ur-en.test,560,A18KPQKAC1S9LU,9,stanford-dcp,4,cmu-meteor,5,cu-sempos-bleu,7,rwth-cder,3,cmu-bleu-single,2,3,1,2,3
Urdu,English,561,ur-en.test,561,A18KPQKAC1S9LU,8,sheffield-rose,9,stanford-dcp,5,cu-sempos-bleu,1,_ref,4,cmu-meteor,5,2,3,1,2
Urdu,English,463,ur-en.test,463,A9JDSF9W11ULY,8,sheffield-rose,3,cmu-bleu-single,6,nus-tesla-f,5,cu-sempos-bleu,9,stanford-dcp,5,3,2,3,1
Urdu,English,464,ur-en.test,464,A9JDSF9W11ULY,5,cu-sempos-bleu,3,cmu-bleu-single,2,cmu-bleu,9,stanford-dcp,1,_ref,5,5,4,3,1
Urdu,English,465,ur-en.test,465,A9JDSF9W11ULY,9,stanford-dcp,8,sheffield-rose,4,cmu-meteor,3,cmu-bleu-single,5,cu-sempos-bleu,1,5,3,1,1
Urdu,English,710,ur-en.test,710,A1UMJZJML30711,7,rwth-cder,5,cu-sempos-bleu,9,stanford-dcp,6,nus-tesla-f,3,cmu-bleu-single,2,3,4,4,1
Urdu,English,711,ur-en.test,711,A1UMJZJML30711,4,cmu-meteor,8,sheffield-rose,3,cmu-bleu-single,2,cmu-bleu,6,nus-tesla-f,2,4,1,2,3
Urdu,English,712,ur-en.test,712,A1UMJZJML30711,5,cu-sempos-bleu,6,nus-tesla-f,4,cmu-meteor,9,stanford-dcp,1,_ref,2,2,1,4,3
Urdu,English,559,ur-en.test,559,A1UMJZJML30711,9,stanford-dcp,1,_ref,7,rwth-cder,5,cu-sempos-bleu,3,cmu-bleu-single,2,1,2,2,2
Urdu,English,560,ur-en.test,560,A1UMJZJML30711,2,cmu-bleu,5,cu-sempos-bleu,3,cmu-bleu-single,1,_ref,4,cmu-meteor,2,2,2,1,2
Urdu,English,561,ur-en.test,561,A1UMJZJML30711,2,cmu-bleu,3,cmu-bleu-single,8,sheffield-rose,6,nus-tesla-f,9,stanford-dcp,1,1,3,2,1
Urdu,English,812,ur-en.test,812,A1UMJZJML30711,7,rwth-cder,4,cmu-meteor,8,sheffield-rose,6,nus-tesla-f,5,cu-sempos-bleu,2,4,5,3,1
Urdu,English,813,ur-en.test,813,A1UMJZJML30711,3,cmu-bleu-single,4,cmu-meteor,7,rwth-cder,1,_ref,8,sheffield-rose,1,1,1,2,3
Urdu,English,814,ur-en.test,814,A1UMJZJML30711,6,nus-tesla-f,8,sheffield-rose,5,cu-sempos-bleu,2,cmu-bleu,9,stanford-dcp,3,4,1,2,2
Urdu,English,133,ur-en.test,133,A1UMJZJML30711,8,sheffield-rose,1,_ref,4,cmu-meteor,3,cmu-bleu-single,9,stanford-dcp,5,1,4,3,2
Urdu,English,134,ur-en.test,134,A1UMJZJML30711,2,cmu-bleu,8,sheffield-rose,3,cmu-bleu-single,1,_ref,4,cmu-meteor,2,4,3,1,2
Urdu,English,135,ur-en.test,135,A1UMJZJML30711,9,stanford-dcp,4,cmu-meteor,8,sheffield-rose,6,nus-tesla-f,5,cu-sempos-bleu,4,3,5,2,1
Urdu,English,529,ur-en.test,529,A1UMJZJML30711,1,_ref,5,cu-sempos-bleu,8,sheffield-rose,4,cmu-meteor,9,stanford-dcp,1,2,4,2,3
Urdu,English,530,ur-en.test,530,A1UMJZJML30711,2,cmu-bleu,8,sheffield-rose,7,rwth-cder,1,_ref,9,stanford-dcp,4,3,1,2,1
Urdu,English,531,ur-en.test,531,A1UMJZJML30711,2,cmu-bleu,1,_ref,4,cmu-meteor,6,nus-tesla-f,7,rwth-cder,2,4,3,5,1
Urdu,English,839,ur-en.test,839,A1UMJZJML30711,5,cu-sempos-bleu,9,stanford-dcp,2,cmu-bleu,3,cmu-bleu-single,1,_ref,5,4,2,3,1
Urdu,English,840,ur-en.test,840,A1UMJZJML30711,5,cu-sempos-bleu,4,cmu-meteor,2,cmu-bleu,8,sheffield-rose,6,nus-tesla-f,4,2,3,5,1
Urdu,English,841,ur-en.test,841,A1UMJZJML30711,6,nus-tesla-f,5,cu-sempos-bleu,4,cmu-meteor,8,sheffield-rose,7,rwth-cder,1,1,1,2,1
Urdu,English,133,ur-en.test,133,A1UMJZJML30711,3,cmu-bleu-single,7,rwth-cder,4,cmu-meteor,9,stanford-dcp,8,sheffield-rose,4,3,2,1,5
Urdu,English,134,ur-en.test,134,A1UMJZJML30711,5,cu-sempos-bleu,1,_ref,8,sheffield-rose,9,stanford-dcp,7,rwth-cder,2,1,3,2,2
Urdu,English,135,ur-en.test,135,A1UMJZJML30711,9,stanford-dcp,1,_ref,5,cu-sempos-bleu,3,cmu-bleu-single,2,cmu-bleu,3,1,2,3,3
Urdu,English,58,ur-en.test,58,A1UMJZJML30711,2,cmu-bleu,5,cu-sempos-bleu,8,sheffield-rose,6,nus-tesla-f,9,stanford-dcp,1,1,2,1,1
Urdu,English,59,ur-en.test,59,A1UMJZJML30711,3,cmu-bleu-single,1,_ref,2,cmu-bleu,9,stanford-dcp,7,rwth-cder,2,1,3,2,2
Urdu,English,60,ur-en.test,60,A1UMJZJML30711,8,sheffield-rose,5,cu-sempos-bleu,6,nus-tesla-f,1,_ref,9,stanford-dcp,4,2,2,1,3
Urdu,English,214,ur-en.test,214,A1UMJZJML30711,1,_ref,4,cmu-meteor,3,cmu-bleu-single,2,cmu-bleu,5,cu-sempos-bleu,1,2,2,2,3
Urdu,English,215,ur-en.test,215,A1UMJZJML30711,1,_ref,2,cmu-bleu,5,cu-sempos-bleu,8,sheffield-rose,7,rwth-cder,2,3,2,4,1
Urdu,English,216,ur-en.test,216,A1UMJZJML30711,9,stanford-dcp,4,cmu-meteor,1,_ref,6,nus-tesla-f,7,rwth-cder,1,1,2,4,3
Urdu,English,842,ur-en.test,842,A1UMJZJML30711,3,cmu-bleu-single,7,rwth-cder,6,nus-tesla-f,2,cmu-bleu,5,cu-sempos-bleu,1,1,1,1,1
Urdu,English,843,ur-en.test,843,A1UMJZJML30711,2,cmu-bleu,9,stanford-dcp,6,nus-tesla-f,4,cmu-meteor,3,cmu-bleu-single,2,2,1,2,1
Urdu,English,844,ur-en.test,844,A1UMJZJML30711,6,nus-tesla-f,2,cmu-bleu,5,cu-sempos-bleu,3,cmu-bleu-single,4,cmu-meteor,1,1,1,1,1
Urdu,English,406,ur-en.test,406,A1UMJZJML30711,8,sheffield-rose,4,cmu-meteor,3,cmu-bleu-single,7,rwth-cder,6,nus-tesla-f,4,1,1,2,3
Urdu,English,407,ur-en.test,407,A1UMJZJML30711,6,nus-tesla-f,2,cmu-bleu,3,cmu-bleu-single,5,cu-sempos-bleu,8,sheffield-rose,2,3,1,4,5
Urdu,English,408,ur-en.test,408,A1UMJZJML30711,1,_ref,7,rwth-cder,4,cmu-meteor,2,cmu-bleu,3,cmu-bleu-single,1,2,2,2,2
Urdu,English,67,ur-en.test,67,A1UMJZJML30711,2,cmu-bleu,9,stanford-dcp,4,cmu-meteor,5,cu-sempos-bleu,8,sheffield-rose,1,2,1,1,3
Urdu,English,68,ur-en.test,68,A1UMJZJML30711,6,nus-tesla-f,7,rwth-cder,1,_ref,3,cmu-bleu-single,4,cmu-meteor,3,2,1,2,2
Urdu,English,69,ur-en.test,69,A1UMJZJML30711,8,sheffield-rose,4,cmu-meteor,6,nus-tesla-f,9,stanford-dcp,3,cmu-bleu-single,5,3,1,2,4
Urdu,English,743,ur-en.test,743,A1UMJZJML30711,2,cmu-bleu,9,stanford-dcp,6,nus-tesla-f,4,cmu-meteor,5,cu-sempos-bleu,2,2,1,2,1
Urdu,English,744,ur-en.test,744,A1UMJZJML30711,6,nus-tesla-f,3,cmu-bleu-single,5,cu-sempos-bleu,1,_ref,2,cmu-bleu,2,4,5,1,3
Urdu,English,745,ur-en.test,745,A1UMJZJML30711,2,cmu-bleu,6,nus-tesla-f,5,cu-sempos-bleu,7,rwth-cder,9,stanford-dcp,1,3,2,4,5
Urdu,English,743,ur-en.test,743,A1UMJZJML30711,2,cmu-bleu,9,stanford-dcp,6,nus-tesla-f,4,cmu-meteor,5,cu-sempos-bleu,2,2,1,2,1
Urdu,English,744,ur-en.test,744,A1UMJZJML30711,6,nus-tesla-f,3,cmu-bleu-single,5,cu-sempos-bleu,1,_ref,2,cmu-bleu,2,2,3,1,2
Urdu,English,745,ur-en.test,745,A1UMJZJML30711,2,cmu-bleu,6,nus-tesla-f,5,cu-sempos-bleu,7,rwth-cder,9,stanford-dcp,2,3,1,2,2
Urdu,English,839,ur-en.test,839,A1UMJZJML30711,5,cu-sempos-bleu,1,_ref,9,stanford-dcp,7,rwth-cder,6,nus-tesla-f,2,1,3,3,2
Urdu,English,840,ur-en.test,840,A1UMJZJML30711,4,cmu-meteor,3,cmu-bleu-single,2,cmu-bleu,7,rwth-cder,5,cu-sempos-bleu,1,3,3,3,2
Urdu,English,841,ur-en.test,841,A1UMJZJML30711,9,stanford-dcp,8,sheffield-rose,2,cmu-bleu,5,cu-sempos-bleu,7,rwth-cder,1,2,1,1,1
Urdu,English,172,ur-en.test,172,A1UMJZJML30711,3,cmu-bleu-single,1,_ref,2,cmu-bleu,8,sheffield-rose,6,nus-tesla-f,2,3,1,5,4
Urdu,English,173,ur-en.test,173,A1UMJZJML30711,8,sheffield-rose,9,stanford-dcp,5,cu-sempos-bleu,3,cmu-bleu-single,6,nus-tesla-f,5,4,1,3,2
Urdu,English,174,ur-en.test,174,A1UMJZJML30711,6,nus-tesla-f,1,_ref,8,sheffield-rose,2,cmu-bleu,7,rwth-cder,4,3,5,1,2
Urdu,English,112,ur-en.test,112,A1UMJZJML30711,4,cmu-meteor,6,nus-tesla-f,9,stanford-dcp,3,cmu-bleu-single,2,cmu-bleu,3,4,2,1,5
Urdu,English,113,ur-en.test,113,A1UMJZJML30711,7,rwth-cder,9,stanford-dcp,5,cu-sempos-bleu,6,nus-tesla-f,4,cmu-meteor,2,4,1,3,2
Urdu,English,114,ur-en.test,114,A1UMJZJML30711,9,stanford-dcp,2,cmu-bleu,8,sheffield-rose,3,cmu-bleu-single,5,cu-sempos-bleu,1,2,5,3,4
Urdu,English,67,ur-en.test,67,A1UMJZJML30711,5,cu-sempos-bleu,7,rwth-cder,1,_ref,9,stanford-dcp,4,cmu-meteor,1,1,2,3,1
Urdu,English,68,ur-en.test,68,A1UMJZJML30711,9,stanford-dcp,6,nus-tesla-f,4,cmu-meteor,3,cmu-bleu-single,2,cmu-bleu,2,3,1,1,2
Urdu,English,69,ur-en.test,69,A1UMJZJML30711,9,stanford-dcp,8,sheffield-rose,5,cu-sempos-bleu,1,_ref,3,cmu-bleu-single,3,5,2,1,4
Urdu,English,517,ur-en.test,517,A1UMJZJML30711,8,sheffield-rose,4,cmu-meteor,9,stanford-dcp,5,cu-sempos-bleu,3,cmu-bleu-single,5,2,3,1,4
Urdu,English,518,ur-en.test,518,A1UMJZJML30711,9,stanford-dcp,7,rwth-cder,4,cmu-meteor,1,_ref,2,cmu-bleu,5,3,4,1,2
Urdu,English,519,ur-en.test,519,A1UMJZJML30711,6,nus-tesla-f,8,sheffield-rose,4,cmu-meteor,5,cu-sempos-bleu,7,rwth-cder,3,5,2,1,4
Urdu,English,484,ur-en.test,484,A1UMJZJML30711,9,stanford-dcp,7,rwth-cder,8,sheffield-rose,5,cu-sempos-bleu,4,cmu-meteor,3,1,5,4,2
Urdu,English,485,ur-en.test,485,A1UMJZJML30711,3,cmu-bleu-single,9,stanford-dcp,4,cmu-meteor,2,cmu-bleu,1,_ref,4,2,4,3,1
Urdu,English,486,ur-en.test,486,A1UMJZJML30711,1,_ref,5,cu-sempos-bleu,6,nus-tesla-f,9,stanford-dcp,7,rwth-cder,1,2,2,2,2
Urdu,English,316,ur-en.test,316,A1VOZXQTJX8U8O,2,cmu-bleu,9,stanford-dcp,6,nus-tesla-f,7,rwth-cder,4,cmu-meteor,1,2,3,2,3
Urdu,English,317,ur-en.test,317,A1VOZXQTJX8U8O,4,cmu-meteor,9,stanford-dcp,8,sheffield-rose,6,nus-tesla-f,2,cmu-bleu,1,1,5,1,1
Urdu,English,318,ur-en.test,318,A1VOZXQTJX8U8O,7,rwth-cder,2,cmu-bleu,4,cmu-meteor,8,sheffield-rose,1,_ref,4,3,2,5,1
Urdu,English,644,ur-en.test,644,A1VOZXQTJX8U8O,7,rwth-cder,4,cmu-meteor,9,stanford-dcp,1,_ref,5,cu-sempos-bleu,2,2,2,1,2
Urdu,English,645,ur-en.test,645,A1VOZXQTJX8U8O,5,cu-sempos-bleu,9,stanford-dcp,4,cmu-meteor,2,cmu-bleu,3,cmu-bleu-single,2,2,1,2,2
Urdu,English,646,ur-en.test,646,A1VOZXQTJX8U8O,8,sheffield-rose,4,cmu-meteor,5,cu-sempos-bleu,3,cmu-bleu-single,6,nus-tesla-f,5,4,2,1,1
Urdu,English,118,ur-en.test,118,A1UMJZJML30711,5,cu-sempos-bleu,2,cmu-bleu,7,rwth-cder,8,sheffield-rose,4,cmu-meteor,1,3,2,5,4
Urdu,English,119,ur-en.test,119,A1UMJZJML30711,2,cmu-bleu,3,cmu-bleu-single,5,cu-sempos-bleu,1,_ref,4,cmu-meteor,1,1,3,2,1
Urdu,English,120,ur-en.test,120,A1UMJZJML30711,6,nus-tesla-f,8,sheffield-rose,1,_ref,7,rwth-cder,4,cmu-meteor,-1,-1,-1,-1,-1
Urdu,English,487,ur-en.test,487,A1UMJZJML30711,6,nus-tesla-f,4,cmu-meteor,8,sheffield-rose,3,cmu-bleu-single,9,stanford-dcp,2,3,4,3,1
Urdu,English,488,ur-en.test,488,A1UMJZJML30711,6,nus-tesla-f,2,cmu-bleu,5,cu-sempos-bleu,1,_ref,3,cmu-bleu-single,5,1,3,2,4
Urdu,English,489,ur-en.test,489,A1UMJZJML30711,1,_ref,3,cmu-bleu-single,6,nus-tesla-f,2,cmu-bleu,7,rwth-cder,1,2,2,3,4
Urdu,English,752,ur-en.test,752,A1UMJZJML30711,9,stanford-dcp,4,cmu-meteor,6,nus-tesla-f,8,sheffield-rose,5,cu-sempos-bleu,3,3,2,4,1
Urdu,English,753,ur-en.test,753,A1UMJZJML30711,5,cu-sempos-bleu,3,cmu-bleu-single,1,_ref,9,stanford-dcp,2,cmu-bleu,2,2,1,2,2
Urdu,English,754,ur-en.test,754,A1UMJZJML30711,5,cu-sempos-bleu,6,nus-tesla-f,9,stanford-dcp,1,_ref,7,rwth-cder,3,1,4,2,5
Urdu,English,523,ur-en.test,523,A1VOZXQTJX8U8O,6,nus-tesla-f,4,cmu-meteor,7,rwth-cder,8,sheffield-rose,2,cmu-bleu,1,1,1,5,1
Urdu,English,524,ur-en.test,524,A1VOZXQTJX8U8O,3,cmu-bleu-single,7,rwth-cder,5,cu-sempos-bleu,6,nus-tesla-f,2,cmu-bleu,2,1,2,3,2
Urdu,English,525,ur-en.test,525,A1VOZXQTJX8U8O,1,_ref,9,stanford-dcp,7,rwth-cder,6,nus-tesla-f,5,cu-sempos-bleu,1,2,2,3,3
Urdu,English,812,ur-en.test,812,A1UMJZJML30711,5,cu-sempos-bleu,1,_ref,4,cmu-meteor,8,sheffield-rose,9,stanford-dcp,1,4,3,5,2
Urdu,English,813,ur-en.test,813,A1UMJZJML30711,6,nus-tesla-f,7,rwth-cder,1,_ref,5,cu-sempos-bleu,4,cmu-meteor,2,2,1,2,2
Urdu,English,814,ur-en.test,814,A1UMJZJML30711,9,stanford-dcp,1,_ref,7,rwth-cder,8,sheffield-rose,5,cu-sempos-bleu,1,4,3,4,2
Urdu,English,34,ur-en.test,34,A1VOZXQTJX8U8O,8,sheffield-rose,7,rwth-cder,1,_ref,6,nus-tesla-f,9,stanford-dcp,5,3,2,3,1
Urdu,English,35,ur-en.test,35,A1VOZXQTJX8U8O,6,nus-tesla-f,4,cmu-meteor,2,cmu-bleu,7,rwth-cder,5,cu-sempos-bleu,1,1,1,1,1
Urdu,English,36,ur-en.test,36,A1VOZXQTJX8U8O,5,cu-sempos-bleu,4,cmu-meteor,9,stanford-dcp,6,nus-tesla-f,1,_ref,2,3,3,2,1
Urdu,English,127,ur-en.test,127,A1UMJZJML30711,3,cmu-bleu-single,7,rwth-cder,9,stanford-dcp,8,sheffield-rose,4,cmu-meteor,2,3,1,5,4
Urdu,English,128,ur-en.test,128,A1UMJZJML30711,5,cu-sempos-bleu,6,nus-tesla-f,9,stanford-dcp,2,cmu-bleu,7,rwth-cder,1,2,4,3,4
Urdu,English,129,ur-en.test,129,A1UMJZJML30711,7,rwth-cder,6,nus-tesla-f,1,_ref,2,cmu-bleu,8,sheffield-rose,2,3,4,1,5
Urdu,English,421,ur-en.test,421,A1V9TOOHDBK2TP,1,_ref,2,cmu-bleu,7,rwth-cder,8,sheffield-rose,6,nus-tesla-f,2,5,2,5,4
Urdu,English,422,ur-en.test,422,A1V9TOOHDBK2TP,2,cmu-bleu,1,_ref,7,rwth-cder,5,cu-sempos-bleu,8,sheffield-rose,5,3,5,5,5
Urdu,English,423,ur-en.test,423,A1V9TOOHDBK2TP,3,cmu-bleu-single,2,cmu-bleu,1,_ref,7,rwth-cder,4,cmu-meteor,4,4,1,4,4
Urdu,English,743,ur-en.test,743,A1V9TOOHDBK2TP,8,sheffield-rose,1,_ref,5,cu-sempos-bleu,3,cmu-bleu-single,9,stanford-dcp,5,2,4,5,5
Urdu,English,744,ur-en.test,744,A1V9TOOHDBK2TP,2,cmu-bleu,4,cmu-meteor,6,nus-tesla-f,3,cmu-bleu-single,8,sheffield-rose,4,4,3,4,5
Urdu,English,745,ur-en.test,745,A1V9TOOHDBK2TP,4,cmu-meteor,1,_ref,7,rwth-cder,2,cmu-bleu,9,stanford-dcp,4,3,4,4,4
